"codeRunId";"codeProbId";"codeRunNum";"numStepsAvailable";"isError";"isUserStarted";"backsteps";"fwdSteps";"stepRevisits"
1;1;0;9;1;1;0;0;0
2;1;1;9;1;1;0;0;0
3;1;2;9;1;1;0;0;0
4;2;0;22;0;1;0;1;0
5;2;1;22;0;1;0;1;0
6;2;2;23;0;1;4;1;0
7;2;3;28;0;1;0;0;0
8;3;0;8;1;1;0;0;0
9;4;0;28;0;1;0;0;0
10;5;0;47;0;1;0;0;0
11;6;0;39;0;1;0;1;0
12;6;1;39;0;1;7;8;7
13;7;0;10;1;1;0;1;0
14;7;1;15;1;1;0;12;0
15;7;2;79;0;1;0;19;0
16;7;3;49;0;1;0;44;0
17;7;4;49;0;1;0;1;0
18;9;0;49;0;1;0;0;0
19;10;0;16;1;1;0;1;0
20;10;1;16;1;1;0;1;0
21;10;2;39;0;1;0;1;0
22;10;3;39;0;1;0;1;0
23;10;4;39;0;1;0;1;0
24;11;0;50;0;1;0;1;0
25;12;0;40;0;1;0;1;0
26;12;1;40;0;1;0;1;0
27;13;0;50;0;1;0;0;0
28;14;0;40;0;1;0;0;0
29;15;0;10;1;1;5;10;8
30;15;1;82;0;1;0;16;0
31;15;2;47;0;1;0;12;0
32;16;0;14;1;1;0;3;0
33;16;1;38;0;1;0;16;0
34;16;2;38;0;1;0;17;0
35;17;0;47;0;1;0;0;0
36;18;0;38;0;1;0;0;0
37;18;1;38;0;1;0;0;0
38;19;0;9;1;1;2;14;8
39;19;1;70;0;1;0;69;0
40;19;2;94;0;1;0;93;0
41;19;3;94;0;0;0;0;0
42;20;0;22;0;1;0;21;0
43;20;1;23;0;1;0;22;0
44;20;2;19;1;1;0;18;0
45;21;0;9;1;1;0;0;0
46;21;1;10;1;1;0;0;0
47;21;2;70;0;1;0;0;0
48;21;3;58;0;1;0;0;0
49;21;4;58;0;1;0;0;0
50;21;5;58;0;1;0;0;0
51;23;0;19;1;1;0;0;0
52;24;0;9;1;1;0;6;0
53;24;1;9;1;1;0;8;0
54;24;2;9;1;1;0;0;0
55;26;0;9;1;1;2;4;3
56;26;1;9;1;0;0;0;0
57;27;0;22;0;1;0;0;0
58;28;0;14;1;1;14;14;15
59;28;1;37;0;1;0;36;0
60;28;2;37;0;1;0;1;0
61;29;0;36;1;0;0;0;0
62;30;0;37;0;1;0;0;0
63;31;0;36;1;1;0;35;0
64;31;1;43;0;1;0;42;0
65;31;2;49;0;1;0;1;0
66;32;0;9;1;1;0;0;0
67;32;1;70;0;1;0;0;0
68;32;2;70;0;1;0;0;0
69;32;3;58;0;1;0;0;0
70;32;4;58;0;1;0;0;0
71;33;0;9;1;1;1;13;6
72;33;1;70;0;1;2;19;4
73;33;2;70;0;1;0;22;0
74;33;3;82;0;1;0;1;0
75;33;4;82;0;1;0;0;0
76;34;0;22;0;1;0;0;0
77;35;0;82;0;1;0;0;0
78;37;0;82;0;1;0;0;0
79;39;0;9;1;1;1;8;3
80;39;1;70;0;1;0;69;0
81;39;2;82;0;1;29;95;43
82;40;0;14;1;1;0;13;0
83;40;1;14;1;0;0;0;0
84;41;0;82;0;1;0;0;0
85;41;1;82;0;1;0;56;0
86;41;2;88;0;1;0;1;0
87;41;3;64;0;1;0;1;0
88;42;0;33;0;1;0;1;0
89;42;1;33;0;1;0;1;0
90;42;2;39;0;1;0;1;0
91;43;0;9;1;1;0;7;0
92;44;0;9;1;1;0;7;0
93;44;1;9;1;1;0;8;0
94;44;2;17;1;1;1;16;2
95;44;3;79;0;1;12;23;12
96;44;4;79;0;0;0;0;0
97;45;0;33;0;1;1;1;0
98;45;1;33;0;0;0;0;0
99;48;0;9;1;1;0;0;0
100;48;1;9;1;1;0;0;0
101;48;2;9;1;0;0;0;0
102;49;0;22;0;1;0;21;0
103;49;1;22;0;0;0;0;0
104;51;0;25;0;1;16;25;17
105;52;0;9;1;1;0;1;0
106;52;1;9;1;1;0;1;0
107;52;2;82;0;1;0;1;0
108;54;0;9;1;1;0;6;0
109;54;1;70;0;1;0;28;0
110;54;2;9;1;1;0;6;0
111;55;0;22;0;1;0;13;0
112;55;1;23;0;1;0;22;0
113;56;0;9;1;1;0;0;0
114;57;0;23;0;1;0;0;0
115;58;0;10;1;1;5;9;5
116;58;1;82;0;1;12;29;12
117;58;2;47;0;1;0;46;0
118;58;3;47;0;1;0;1;0
119;59;0;19;1;1;0;18;0
120;59;1;34;1;1;0;27;0
121;59;2;47;0;1;0;10;0
122;60;0;47;0;1;0;0;0
123;61;0;47;0;1;0;0;0
124;63;0;9;1;1;3;8;4
125;63;1;70;0;1;0;25;0
126;63;2;70;0;0;0;0;0
127;64;0;22;0;1;0;0;0
128;64;1;22;0;1;0;0;0
129;66;0;22;0;1;0;0;0
130;67;0;9;1;1;0;0;0
131;68;0;17;1;1;0;0;0
132;69;0;9;1;1;0;8;0
133;70;0;9;1;1;0;8;0
134;70;1;70;0;1;0;23;0
135;70;2;82;0;1;0;25;0
136;70;3;82;0;1;0;54;0
137;70;4;47;0;1;0;46;0
138;71;0;38;0;1;0;37;0
139;72;0;82;0;1;3;25;2
140;72;1;47;0;1;0;1;0
141;72;2;64;0;1;0;1;0
142;73;0;17;1;1;0;1;0
143;73;1;40;0;1;0;1;0
144;74;0;9;1;1;0;6;0
145;74;1;70;0;1;0;23;0
146;74;2;82;0;1;6;25;6
147;74;3;82;0;1;0;26;0
148;74;4;82;0;1;11;28;13
149;74;5;82;0;1;0;24;0
150;74;6;62;0;1;0;13;0
151;76;0;62;0;1;0;0;0
152;78;0;9;1;1;0;0;0
153;78;1;9;1;1;0;0;0
154;80;0;9;1;1;3;10;5
155;80;1;82;0;1;33;51;58
156;80;2;82;0;0;0;0;0
157;81;0;58;0;1;0;0;0
158;86;0;9;1;1;0;6;0
159;88;0;9;1;1;4;9;5
160;88;1;74;0;1;0;10;0
161;89;0;9;1;1;0;8;0
162;89;1;70;0;1;0;62;0
163;89;2;9;1;1;2;8;2
164;89;3;58;0;1;1;41;2
165;89;4;58;0;1;0;44;0
166;89;5;22;0;1;0;21;0
167;90;0;22;0;1;0;0;0
168;91;0;13;1;0;0;0;0
169;92;0;22;0;1;0;0;0
170;94;0;9;1;1;0;1;0
171;94;1;9;1;1;1;1;0
172;94;2;58;0;0;0;0;0
173;95;0;58;0;1;0;1;0
174;95;1;37;0;1;0;1;0
175;96;0;31;0;1;0;0;0
176;96;1;33;0;1;0;0;0
177;97;0;37;0;1;0;0;0
178;99;0;74;0;1;0;0;0
179;99;1;54;0;1;0;1;0
180;99;2;19;1;1;0;1;0
181;99;3;59;0;1;1;21;2
182;101;0;9;1;1;0;0;0
183;102;0;22;0;1;0;0;0
184;103;0;22;0;1;0;0;0
185;104;0;44;0;1;0;10;0
186;105;0;10;1;1;0;0;0
187;106;0;22;0;1;0;21;0
188;106;1;12;1;0;0;0;0
189;107;0;17;1;1;1;15;1
190;107;1;88;0;1;14;24;14
191;107;2;55;0;1;0;54;0
192;108;0;12;1;1;0;11;0
193;108;1;22;1;1;0;21;0
194;108;2;28;0;1;0;27;0
195;108;3;14;1;1;0;13;0
196;108;4;33;0;1;0;1;0
197;108;5;40;0;1;2;16;2
198;108;6;43;0;1;0;1;0
199;108;7;39;0;1;0;1;0
200;109;0;9;1;1;5;11;8
201;109;1;9;1;0;0;0;0
202;110;0;22;0;1;0;21;0
203;112;0;22;0;1;0;0;0
204;113;0;9;1;1;0;7;0
205;113;1;82;0;1;0;2;0
206;113;2;70;0;1;0;45;0
207;113;3;82;0;1;0;52;0
208;113;4;70;0;1;0;46;0
209;113;5;82;0;0;0;0;0
210;115;0;82;0;1;0;23;0
211;115;1;47;0;1;0;46;0
212;117;0;10;1;1;0;7;0
213;117;1;10;1;1;0;7;0
214;117;2;10;1;1;0;7;0
215;117;3;10;1;1;0;7;0
216;117;4;10;1;1;0;7;0
217;118;0;9;1;1;5;6;3
218;118;1;70;0;1;0;21;0
219;118;2;82;0;1;0;26;0
220;118;3;71;0;1;0;27;0
221;118;4;61;0;1;0;24;0
222;119;0;22;0;1;0;1;0
223;119;1;22;0;1;0;21;0
224;120;0;61;0;1;0;0;0
225;121;0;22;0;1;0;0;0
226;122;0;10;1;1;0;9;0
227;122;1;9;1;1;0;2;0
228;123;0;12;1;0;0;0;0
229;124;0;9;1;1;0;6;0
230;124;1;9;1;1;2;8;4
231;124;2;70;0;1;0;8;0
232;124;3;70;0;0;0;0;0
233;125;0;22;0;1;0;2;0
234;125;1;28;0;0;0;0;0
235;126;0;14;1;1;0;1;0
236;126;1;15;1;1;5;3;3
237;126;2;49;0;1;0;1;0
238;126;3;15;1;1;1;1;0
239;126;4;49;0;1;0;1;0
240;126;5;49;0;1;0;0;0
241;126;6;15;1;0;0;0;0
242;127;0;30;0;0;0;0;0
243;130;0;70;0;0;0;0;0
244;131;0;9;1;1;1;8;1
245;131;1;58;0;1;9;52;22
246;131;2;46;0;1;0;1;0
247;131;3;47;0;1;15;32;21
248;132;0;34;0;0;0;0;0
249;133;0;9;1;1;0;1;0
250;134;0;9;1;1;0;6;0
251;134;1;14;1;1;0;12;0
252;134;2;54;0;1;1;33;1
253;135;0;47;0;1;0;0;0
254;135;1;17;1;1;1;8;2
255;135;2;42;0;1;1;37;2
256;136;0;37;0;1;0;1;0
257;136;1;37;0;1;0;1;0
258;141;0;9;1;1;0;0;0
259;141;1;10;1;1;0;0;0
260;141;2;82;0;1;0;25;0
261;141;3;47;0;0;0;0;0
262;142;0;11;1;0;0;0;0
263;143;0;9;1;1;0;8;0
264;143;1;9;1;1;0;6;0
265;143;2;9;1;1;0;7;0
266;143;3;58;0;1;8;44;8
267;143;4;86;0;1;0;28;0
268;143;5;86;0;1;0;27;0
269;143;6;86;0;1;0;22;0
270;143;7;66;0;1;0;10;0
271;144;0;54;0;1;0;0;0
272;144;1;62;0;1;0;0;0
273;144;2;54;0;1;0;0;0
274;144;3;70;0;1;0;0;0
275;144;4;62;0;1;0;0;0
276;144;5;7;1;1;0;0;0
277;144;6;62;0;1;0;0;0
278;144;7;7;1;1;0;0;0
279;144;8;62;0;1;0;0;0
280;145;0;18;1;1;0;17;0
281;145;1;19;1;1;0;18;0
282;145;2;21;1;1;0;19;0
283;145;3;21;1;1;0;12;0
284;145;4;29;1;1;0;9;0
285;145;5;29;1;1;0;8;0
286;145;6;29;1;1;0;3;0
287;145;7;29;1;1;0;2;0
288;145;8;35;1;1;4;4;2
289;145;9;41;0;1;0;2;0
290;145;10;41;0;1;0;5;0
291;147;0;66;0;1;0;0;0
292;148;0;40;0;1;0;0;0
293;150;0;22;0;1;0;1;0
294;150;1;22;0;1;0;21;0
295;150;2;12;1;1;1;4;2
296;151;0;9;1;0;0;0;0
297;152;0;9;1;1;3;8;3
298;152;1;70;0;1;0;1;0
299;152;2;82;0;1;0;1;0
300;152;3;82;0;1;0;1;0
301;152;4;82;0;0;0;0;0
302;153;0;41;0;1;0;1;0
303;153;1;12;1;0;0;0;0
304;156;0;9;1;1;0;0;0
305;156;1;10;1;1;0;0;0
306;157;0;22;0;1;0;21;0
307;157;1;3;1;1;0;2;0
308;157;2;25;0;1;0;2;0
309;158;0;10;1;1;0;0;0
310;159;0;25;0;1;0;0;0
311;160;0;9;1;1;0;6;0
312;161;0;70;0;1;0;1;0
313;161;1;58;0;1;1;2;1
314;161;2;58;0;1;0;17;0
315;161;3;46;0;1;1;2;1
316;163;0;46;0;1;0;0;0
317;163;1;37;0;1;1;2;1
318;164;0;18;1;1;1;2;1
319;165;0;46;0;1;2;1;1
320;165;1;43;0;1;0;1;0
321;166;0;23;0;1;0;0;0
322;166;1;23;0;1;0;0;0
323;166;2;33;0;1;0;0;0
324;167;0;43;0;1;0;0;0
325;168;0;52;0;1;0;0;0
326;169;0;9;1;1;2;8;2
327;169;1;82;0;1;0;25;0
328;169;2;47;0;1;0;46;0
329;170;0;22;0;1;0;17;0
330;170;1;12;1;0;0;0;0
331;171;0;9;1;1;0;1;0
332;172;0;22;0;1;0;1;0
333;173;0;9;1;1;0;0;0
334;174;0;22;0;1;0;0;0
335;175;0;9;1;1;0;1;0
336;175;1;51;0;1;46;4;6
337;176;0;47;0;1;0;0;0
338;177;0;13;1;1;0;1;0
339;177;1;10;1;1;0;1;0
340;177;2;37;0;1;0;1;0
341;178;0;51;0;1;0;0;0
342;180;0;51;0;1;0;0;0
343;182;0;7;1;1;0;6;0
344;182;1;9;1;1;0;8;0
345;182;2;9;1;0;0;0;0
346;186;0;9;1;1;1;9;2
347;186;1;14;1;1;0;8;0
348;187;0;9;1;1;0;6;0
349;187;1;15;1;1;6;8;2
350;187;2;58;0;1;0;16;0
351;187;3;40;0;1;0;39;0
352;188;0;9;1;1;0;0;0
353;188;1;9;1;1;0;0;0
354;188;2;9;1;1;0;0;0
355;189;0;17;1;1;0;14;0
356;189;1;42;0;1;1;38;1
357;190;0;40;0;1;0;0;0
358;191;0;42;0;1;0;0;0
359;191;1;42;0;1;0;13;0
360;191;2;39;0;1;0;1;0
361;192;0;46;0;1;0;0;0
362;193;0;58;0;1;4;16;9
363;193;1;9;1;1;0;2;0
364;193;2;58;0;1;28;18;1
365;193;3;46;0;1;0;1;0
366;195;0;46;0;1;0;0;0
367;197;0;62;0;1;0;61;0
368;197;1;62;0;0;0;0;0
369;198;0;38;1;0;0;0;0
370;199;0;9;1;1;2;13;7
371;199;1;70;0;1;0;16;0
372;199;2;58;0;1;0;1;0
373;199;3;37;0;1;0;1;0
374;200;0;22;0;1;0;0;0
375;201;0;37;0;1;0;0;0
376;202;0;35;0;1;0;0;0
377;203;0;70;0;1;3;25;3
378;203;1;9;1;1;2;6;2
379;203;2;9;1;1;1;6;1
380;203;3;10;1;1;0;7;0
381;203;4;70;0;1;6;26;9
382;203;5;42;0;1;0;41;0
383;205;0;42;0;1;0;0;0
384;206;0;12;1;1;0;11;0
385;206;1;15;1;1;0;14;0
386;206;2;17;1;1;0;16;0
387;206;3;71;0;1;26;89;46
388;206;4;35;0;1;7;32;7
389;206;5;32;0;1;0;28;0
390;206;6;33;0;1;1;32;1
391;206;7;33;0;1;0;32;0
392;207;0;70;0;1;3;42;3
393;207;1;31;0;1;0;30;0
394;207;2;63;0;1;5;127;70
395;207;3;99;0;1;0;1;0
396;209;0;11;1;1;0;10;0
397;209;1;64;0;1;0;0;0
398;209;2;58;0;1;0;1;0
399;210;0;14;1;1;0;1;0
400;210;1;38;0;1;0;1;0
401;211;0;58;0;1;0;0;0
402;212;0;38;0;1;0;0;0
403;213;0;9;1;1;0;1;0
404;213;1;9;1;1;0;1;0
405;213;2;10;1;1;0;7;0
406;213;3;10;1;1;1;8;1
407;213;4;10;1;1;1;1;1
408;213;5;10;1;1;0;1;0
409;213;6;10;1;0;0;0;0
410;217;0;9;1;1;0;7;0
411;217;1;9;1;1;0;6;0
412;217;2;9;1;1;0;0;0
413;217;3;61;0;1;0;15;0
414;217;4;50;0;1;0;0;0
415;217;5;58;0;1;0;18;0
416;217;6;14;1;1;0;11;0
417;217;7;37;0;1;1;36;1
418;218;0;36;1;0;0;0;0
419;219;0;37;0;1;0;0;0
420;220;0;36;1;1;0;35;0
421;220;1;49;0;1;0;1;0
422;220;2;49;0;1;0;1;0
423;221;0;9;1;1;0;0;0
424;222;0;9;1;1;4;8;5
425;222;1;8;1;1;1;6;1
426;222;2;11;1;1;0;8;0
427;223;0;22;0;1;0;21;0
428;223;1;23;0;1;10;30;20
429;223;2;19;1;0;0;0;0
430;224;0;9;1;1;0;8;0
431;224;1;58;0;1;0;20;0
432;224;2;58;0;1;0;14;0
433;224;3;46;0;1;0;37;0
434;225;0;22;0;1;0;0;0
435;226;0;46;0;1;0;0;0
436;226;1;49;0;1;0;20;0
437;226;2;37;0;1;0;36;0
438;227;0;38;0;1;24;4;3
439;227;1;38;0;1;0;1;0
440;227;2;38;0;1;0;1;0
441;227;3;38;0;1;0;1;0
442;228;0;36;0;1;9;24;14
443;228;1;39;0;1;0;27;0
444;228;2;90;0;1;0;22;0
445;228;3;90;0;1;0;45;0
446;229;0;33;0;1;0;32;0
447;230;0;9;1;1;0;0;0
448;230;1;9;1;1;0;2;0
449;230;2;9;1;1;0;6;0
450;230;3;9;1;1;3;11;6
451;231;0;15;1;1;0;10;0
452;231;1;47;0;1;0;21;0
453;233;0;9;1;1;10;12;15
454;233;1;70;0;1;0;1;0
455;234;0;11;1;1;5;13;8
456;235;0;9;1;1;0;6;0
457;235;1;70;0;1;14;45;14
458;235;2;82;0;1;0;52;0
459;235;3;70;0;1;0;0;0
460;236;0;9;1;1;0;8;0
461;237;0;64;0;1;0;1;0
462;238;0;22;0;1;0;21;0
463;240;0;39;0;0;0;0;0
464;241;0;54;0;1;0;53;0
465;241;1;14;1;1;0;1;0
466;241;2;14;1;1;0;7;0
467;241;3;9;1;1;0;1;0
468;241;4;70;0;1;0;1;0
469;241;5;9;1;0;0;0;0
470;242;0;8;1;1;0;0;0
471;242;1;8;1;1;0;0;0
472;243;0;22;0;0;0;0;0
473;244;0;9;1;1;0;0;0
474;244;1;15;1;1;0;0;0
475;244;2;82;0;1;0;0;0
476;244;3;82;0;1;0;0;0
477;245;0;9;1;1;1;6;1
478;245;1;16;1;1;8;19;12
479;245;2;17;1;1;0;14;0
480;245;3;39;1;1;4;2;2
481;245;4;41;1;1;2;1;0
482;245;5;42;0;1;0;1;0
483;246;0;9;1;1;0;0;0
484;247;0;9;1;1;2;8;2
485;247;1;9;1;0;0;0;0
486;248;0;9;1;1;0;8;0
487;248;1;9;1;1;0;6;0
488;248;2;70;0;1;10;25;13
489;248;3;47;0;1;0;2;0
490;249;0;9;1;1;0;5;0
491;249;1;9;1;1;1;7;1
492;249;2;9;1;1;0;0;0
493;250;0;9;1;1;0;6;0
494;250;1;10;1;1;2;5;3
495;250;2;9;1;1;2;9;3
496;250;3;70;0;1;0;1;0
497;251;0;22;0;0;0;0;0
498;252;0;15;1;0;0;0;0
499;253;0;9;1;1;0;0;0
500;254;0;15;1;1;1;15;2
501;254;1;15;1;1;0;14;0
502;254;2;15;1;1;0;14;0
503;255;0;9;1;1;0;6;0
504;255;1;70;0;1;1;44;1
505;255;2;82;0;0;0;0;0
506;256;0;39;0;1;0;1;0
507;257;0;9;1;1;0;6;0
508;257;1;14;1;1;0;11;0
509;257;2;15;1;1;0;12;0
510;257;3;15;1;1;0;12;0
511;257;4;54;0;1;11;43;22
512;258;0;20;1;0;0;0;0
513;259;0;54;0;1;0;0;0
514;261;0;9;1;1;0;8;0
515;261;1;9;1;0;0;0;0
516;262;0;26;1;0;0;0;0
517;265;0;9;1;1;0;8;0
518;265;1;14;1;1;2;14;3
519;265;2;54;0;1;0;51;0
520;266;0;9;1;1;0;1;0
521;266;1;18;0;1;0;1;0
522;267;0;18;0;1;0;1;0
523;268;0;28;1;1;0;1;0
524;269;0;18;0;1;0;0;0
525;270;0;28;1;1;0;0;0
526;270;1;28;1;1;0;1;0
527;270;2;42;0;1;0;1;0
528;271;0;9;1;1;0;7;0
529;271;1;9;1;0;0;0;0
530;272;0;90;0;1;0;0;0
531;272;1;90;0;1;0;32;0
532;272;2;90;0;1;0;0;0
533;273;0;33;0;1;0;0;0
534;274;0;9;1;1;2;8;2
535;274;1;3;1;1;0;2;0
536;274;2;3;1;1;0;2;0
537;274;3;7;1;1;0;6;0
538;274;4;9;1;1;0;0;0
539;274;5;9;1;1;0;8;0
540;274;6;9;1;1;0;8;0
541;274;7;9;1;0;0;0;0
542;275;0;22;0;1;0;1;0
543;277;0;22;0;1;0;0;0
544;278;0;9;1;1;0;1;0
545;278;1;58;0;1;0;1;0
546;278;2;82;0;1;0;1;0
547;278;3;82;0;1;0;20;0
548;278;4;47;0;1;0;2;0
549;279;0;22;0;1;0;0;0
550;280;0;47;0;1;0;0;0
551;281;0;20;1;1;0;1;0
552;281;1;40;0;1;2;36;4
553;281;2;40;0;1;0;1;0
554;281;3;40;0;1;0;1;0
555;284;0;9;1;1;0;7;0
556;284;1;9;1;1;0;6;0
557;284;2;70;0;1;13;24;13
558;284;3;9;1;1;0;6;0
559;284;4;15;1;1;0;12;0
560;284;5;70;0;1;0;46;0
561;284;6;70;0;0;0;0;0
562;285;0;9;1;1;0;6;0
563;285;1;9;1;1;0;6;0
564;285;2;58;0;1;11;25;16
565;285;3;46;0;1;0;45;0
566;285;4;58;0;1;0;18;0
567;285;5;58;0;1;0;18;0
568;285;6;9;1;1;0;0;0
569;285;7;58;0;1;0;14;0
570;285;8;37;0;1;0;10;0
571;285;9;46;0;1;0;1;0
572;285;10;46;0;1;0;1;0
573;286;0;9;1;1;0;6;0
574;286;1;18;0;1;0;17;0
575;287;0;22;0;0;0;0;0
576;288;0;9;1;1;0;7;0
577;288;1;15;1;1;1;1;0
578;288;2;15;1;1;1;2;1
579;288;3;16;1;1;0;13;0
580;289;0;50;0;1;0;1;0
581;290;0;9;1;1;0;0;0
582;290;1;9;1;1;0;0;0
583;290;2;10;1;1;0;0;0
584;291;0;22;0;0;0;0;0
585;293;0;47;0;1;0;32;0
586;295;0;10;1;1;0;9;0
587;295;1;10;1;1;0;7;0
588;295;2;16;1;1;0;13;0
589;295;3;80;0;1;0;3;0
590;295;4;80;0;1;0;20;0
591;295;5;50;0;1;0;1;0
592;296;0;22;0;1;0;1;0
593;296;1;32;0;1;0;1;0
594;296;2;48;0;1;0;1;0
595;297;0;50;0;1;0;49;0
596;298;0;50;0;1;0;0;0
597;299;0;48;0;1;0;0;0
598;299;1;49;0;1;0;1;0
599;299;2;51;0;1;0;1;0
600;302;0;14;1;1;0;0;0
601;304;0;14;1;1;1;1;0
602;304;1;19;1;1;2;1;0
603;304;2;30;0;1;0;1;0
604;304;3;70;0;1;0;1;0
605;304;4;32;0;1;0;1;0
606;304;5;82;0;1;0;1;0
607;304;6;32;0;1;4;7;5
608;304;7;47;0;1;0;1;0
609;305;0;38;0;1;0;1;0
610;306;0;9;1;1;5;11;8
611;306;1;10;1;1;1;8;1
612;306;2;70;0;1;4;24;4
613;307;0;9;1;1;0;8;0
614;308;0;22;0;1;0;2;0
615;309;0;9;1;1;0;8;0
616;309;1;9;1;0;0;0;0
617;310;0;18;1;1;0;0;0
618;312;0;18;1;1;0;0;0
619;313;0;9;1;1;0;6;0
620;313;1;15;1;1;0;12;0
621;313;2;15;1;1;2;1;0
622;313;3;49;0;1;0;10;0
623;314;0;9;1;1;2;9;3
624;314;1;10;1;1;0;7;0
625;314;2;82;0;1;15;51;40
626;314;3;15;1;1;6;4;5
627;314;4;47;0;1;1;46;1
628;316;0;42;0;1;0;1;0
629;316;1;47;0;1;0;1;0
630;317;0;9;1;1;0;8;0
631;317;1;70;0;1;0;20;0
632;317;2;70;0;1;14;43;34
633;318;0;37;0;1;0;1;0
634;319;0;47;0;1;0;0;0
635;320;0;37;0;1;0;0;0
636;321;0;98;0;1;0;9;0
637;322;0;9;1;1;5;10;7
638;322;1;70;0;1;0;23;0
639;322;2;58;0;1;0;31;0
640;322;3;37;0;1;0;36;0
641;323;0;23;0;1;0;0;0
642;323;1;12;1;1;0;0;0
643;325;0;98;0;1;0;0;0
644;327;0;37;0;1;0;0;0
645;328;0;12;1;1;0;11;0
646;328;1;15;1;1;0;14;0
647;328;2;36;0;1;0;20;0
648;328;3;16;1;1;0;1;0
649;328;4;37;0;1;0;1;0
650;328;5;37;0;1;0;1;0
651;329;0;8;1;1;0;0;0
652;329;1;9;1;1;0;4;0
653;329;2;9;1;1;0;6;0
654;330;0;12;1;0;0;0;0
655;331;0;9;1;1;0;6;0
656;331;1;49;0;1;0;14;0
657;331;2;37;0;1;0;1;0
658;333;0;9;1;1;0;0;0
659;335;0;10;1;1;0;7;0
660;337;0;9;1;1;0;0;0
661;337;1;9;1;1;0;0;0
662;337;2;9;1;0;0;0;0
663;338;0;22;0;1;0;0;0
664;339;0;9;1;1;0;0;0
665;339;1;9;1;1;0;0;0
666;339;2;9;1;1;0;0;0
667;340;0;9;1;1;0;1;0
668;340;1;9;1;1;0;6;0
669;340;2;9;1;1;2;7;2
670;340;3;18;1;1;1;17;1
671;340;4;70;0;1;0;42;0
672;341;0;9;1;1;0;3;0
673;341;1;8;1;0;0;0;0
674;342;0;22;0;0;0;0;0
675;345;0;9;1;1;0;0;0
676;347;0;18;0;1;0;17;0
677;348;0;18;1;0;0;0;0
678;349;0;9;1;1;0;0;0
679;349;1;3;1;1;0;0;0
680;349;2;3;1;0;0;0;0
681;350;0;9;1;1;0;8;0
682;350;1;70;0;1;0;23;0
683;350;2;18;0;1;0;17;0
684;352;0;18;0;1;0;0;0
685;353;0;35;0;1;0;0;0
686;354;0;82;0;1;1;12;1
687;354;1;82;0;0;0;0;0
688;355;0;22;0;0;0;0;0
689;358;0;9;1;1;0;6;0
690;358;1;82;0;1;0;25;0
691;358;2;52;0;0;0;0;0
692;359;0;22;0;1;0;0;0
693;359;1;12;1;1;0;0;0
694;359;2;12;1;1;0;11;0
695;360;0;9;1;0;0;0;0
696;361;0;40;0;1;0;0;0
697;363;0;40;0;1;0;0;0
698;363;1;39;0;1;0;0;0
699;364;0;39;0;0;0;0;0
700;365;0;39;0;0;0;0;0
701;368;0;70;0;1;65;84;94
702;368;1;9;1;1;3;10;5
703;368;2;9;1;1;0;0;0
704;368;3;9;1;1;0;0;0
705;368;4;9;1;0;0;0;0
706;369;0;22;0;1;0;0;0
707;369;1;25;0;1;0;0;0
708;369;2;25;0;1;0;0;0
709;372;0;9;1;1;2;3;2
710;372;1;9;1;1;0;6;0
711;372;2;7;1;1;0;4;0
712;372;3;9;1;0;0;0;0
713;373;0;12;1;1;0;1;0
714;373;1;12;1;0;0;0;0
715;374;0;9;1;0;0;0;0
716;375;0;10;1;1;0;8;0
717;377;0;9;1;1;7;15;15
718;377;1;9;1;1;3;6;3
719;378;0;22;0;1;0;20;0
720;378;1;23;0;1;0;22;0
721;378;2;28;0;1;0;25;0
722;378;3;28;0;1;0;26;0
723;379;0;9;1;1;0;0;0
724;379;1;22;0;1;0;21;0
725;381;0;9;1;1;0;6;0
726;381;1;9;1;1;0;6;0
727;381;2;86;0;1;1;18;1
728;382;0;22;0;1;0;0;0
729;385;0;9;1;1;0;8;0
730;385;1;9;1;1;0;0;0
731;385;2;14;1;1;5;15;7
732;385;3;47;0;1;0;46;0
733;387;0;10;1;1;0;0;0
734;387;1;10;1;1;0;0;0
735;389;0;9;1;1;0;0;0
736;389;1;8;1;1;0;0;0
737;389;2;94;0;1;0;0;0
738;389;3;13;1;1;0;0;0
739;389;4;13;1;1;0;0;0
740;390;0;28;0;1;0;0;0
741;392;0;86;0;1;0;2;0
742;393;0;19;1;1;0;1;0
743;393;1;52;0;1;0;1;0
744;394;0;7;1;1;0;6;0
745;394;1;8;1;1;0;5;0
746;394;2;16;1;1;0;13;0
747;394;3;10;1;1;0;7;0
748;394;4;41;0;1;0;40;0
749;395;0;54;1;1;0;1;0
750;395;1;60;0;1;0;1;0
751;396;0;41;0;1;0;0;0
752;397;0;60;0;1;0;0;0
753;397;1;49;1;1;0;1;0
754;397;2;45;1;1;0;1;0
755;397;3;51;0;1;0;1;0
756;398;0;9;1;1;0;6;0
757;398;1;82;0;1;3;27;0
758;398;2;47;0;1;0;1;0
759;400;0;47;0;1;0;0;0
760;401;0;41;0;1;0;0;0
761;402;0;9;1;1;0;7;0
762;402;1;58;0;1;1;21;2
763;402;2;45;0;1;3;47;6
764;403;0;19;1;1;0;0;0
765;403;1;19;1;1;0;1;0
766;404;0;45;0;1;0;0;0
767;405;0;19;1;1;0;0;0
768;405;1;19;1;1;0;13;0
769;406;0;9;1;1;0;6;0
770;406;1;9;1;1;0;6;0
771;406;2;58;0;1;1;38;18
772;406;3;46;0;1;0;24;0
773;406;4;14;1;1;1;13;1
774;406;5;37;0;1;0;1;0
775;407;0;22;1;1;2;13;2
776;408;0;37;0;1;0;0;0
777;409;0;22;1;1;0;0;0
778;409;1;22;1;1;0;0;0
779;409;2;22;1;1;0;0;0
780;410;0;82;0;1;0;26;0
781;410;1;47;0;1;0;46;0
782;412;0;47;0;1;0;0;0
783;414;0;9;1;1;0;6;0
784;414;1;9;1;1;0;6;0
785;414;2;11;1;1;0;8;0
786;414;3;18;1;1;3;4;2
787;415;0;44;0;1;0;1;0
788;416;0;9;1;1;3;9;4
789;416;1;14;1;1;0;12;0
790;417;0;18;1;1;0;0;0
791;418;0;44;0;1;0;0;0
792;419;0;18;0;1;0;17;0
793;419;1;18;0;1;0;13;0
794;421;0;18;0;1;0;0;0
795;422;0;9;1;1;0;6;0
796;422;1;65;0;1;0;6;0
797;423;0;18;0;1;0;7;0
798;424;0;65;0;1;0;11;0
799;425;0;18;0;1;0;0;0
800;426;0;65;0;1;0;0;0
801;427;0;9;1;1;2;8;2
802;428;0;22;0;0;0;0;0
803;429;0;9;1;1;0;0;0
804;431;0;9;1;1;0;0;0
805;432;0;9;1;1;7;5;4
806;432;1;14;1;1;0;0;0
807;432;2;42;0;1;0;0;0
808;434;0;9;1;1;1;14;7
809;434;1;70;0;1;2;72;5
810;434;2;9;1;0;0;0;0
811;436;0;9;1;1;0;8;0
812;437;0;22;0;1;0;21;0
813;438;0;9;1;1;0;8;0
814;438;1;15;1;1;1;14;1
815;438;2;15;1;1;1;14;1
816;438;3;15;1;1;0;14;0
817;438;4;16;1;0;0;0;0
818;439;0;22;0;1;0;21;0
819;439;1;22;0;0;0;0;0
820;442;0;9;1;0;0;0;0
821;443;0;9;1;1;1;3;1
822;444;0;70;0;1;4;23;4
823;444;1;58;0;1;0;20;0
824;444;2;58;0;1;6;23;12
825;444;3;46;0;1;3;39;6
826;446;0;9;1;1;8;9;9
827;446;1;9;1;0;0;0;0
828;447;0;22;0;1;0;1;0
829;448;0;9;1;1;0;0;0
830;448;1;10;1;1;0;0;0
831;450;0;9;1;1;1;1;0
832;450;1;70;0;1;0;1;0
833;450;2;58;0;1;0;1;0
834;450;3;37;0;1;0;1;0
835;451;0;13;1;1;0;1;0
836;451;1;42;0;0;0;0;0
837;452;0;37;0;1;0;0;0
838;454;0;9;1;1;1;14;7
839;455;0;9;1;1;0;6;0
840;455;1;70;0;1;0;22;0
841;455;2;70;0;0;0;0;0
842;456;0;22;0;1;0;0;0
843;456;1;26;1;0;0;0;0
844;459;0;9;1;1;0;6;0
845;459;1;70;0;1;0;27;0
846;459;2;70;0;1;0;29;0
847;459;3;58;0;1;0;34;0
848;459;4;58;0;1;0;0;0
849;459;5;37;0;1;0;6;0
850;459;6;37;0;1;0;0;0
851;460;0;22;0;1;0;0;0
852;460;1;22;0;1;0;0;0
853;461;0;37;0;1;0;0;0
854;462;0;12;1;1;0;11;0
855;462;1;28;0;1;0;5;0
856;462;2;38;1;1;2;14;0
857;463;0;9;1;1;0;0;0
858;463;1;9;1;1;0;0;0
859;463;2;10;1;1;0;0;0
860;464;0;23;0;1;1;1;0
861;464;1;23;0;1;1;1;0
862;464;2;12;1;1;0;1;0
863;464;3;12;1;1;1;1;0
864;464;4;23;0;1;1;1;0
865;464;5;19;1;1;0;1;0
866;465;0;17;1;1;0;0;0
867;466;0;19;1;1;0;0;0
868;467;0;9;1;1;0;8;0
869;467;1;10;1;1;0;7;0
870;467;2;70;0;1;2;23;3
871;467;3;70;0;1;0;21;0
872;469;0;70;0;1;0;0;0
873;470;0;22;0;1;0;0;0
874;470;1;4;1;1;0;0;0
875;470;2;4;1;1;0;0;0
876;470;3;4;1;1;0;0;0
877;471;0;10;1;1;0;9;0
878;471;1;82;0;1;1;106;26
879;471;2;47;0;1;0;0;0
880;471;3;47;0;1;0;46;0
881;472;0;22;0;1;0;3;0
882;472;1;41;0;1;0;40;0
883;473;0;47;0;1;0;0;0
884;474;0;41;0;1;0;0;0
885;475;0;9;1;1;0;0;0
886;475;1;9;1;1;0;0;0
887;476;0;15;1;1;8;14;8
888;476;1;15;1;0;0;0;0
889;477;0;9;1;1;0;8;0
890;477;1;15;1;1;2;16;5
891;477;2;15;1;1;0;12;0
892;478;0;9;1;1;1;5;3
893;478;1;15;1;1;0;12;0
894;478;2;69;0;1;0;20;0
895;478;3;83;0;1;0;0;0
896;478;4;83;0;1;13;29;19
897;479;0;9;1;1;11;21;24
898;481;0;9;1;1;0;0;0
899;483;0;9;1;1;0;0;0
900;484;0;22;0;1;1;22;2
901;484;1;25;0;1;0;1;0
902;484;2;25;0;0;0;0;0
903;488;0;30;1;1;0;1;0
904;488;1;41;0;1;0;1;0
905;489;0;37;0;1;0;0;0
906;490;0;41;0;1;0;0;0
907;490;1;41;0;1;1;20;1
908;490;2;41;0;1;0;1;0
909;491;0;9;1;1;0;7;0
910;491;1;9;1;1;0;6;0
911;491;2;8;1;1;1;6;1
912;491;3;7;1;0;0;0;0
913;492;0;9;1;1;0;6;0
914;492;1;9;1;1;0;6;0
915;492;2;70;0;1;0;4;0
916;494;0;70;0;1;0;6;0
917;494;1;7;1;1;1;5;1
918;494;2;7;1;1;1;4;1
919;495;0;15;1;1;0;7;0
920;496;0;9;1;1;0;6;0
921;496;1;10;1;1;0;7;0
922;496;2;70;0;1;0;69;0
923;497;0;12;1;0;0;0;0
924;498;0;70;0;1;0;0;0
925;500;0;18;0;1;0;1;0
926;501;0;42;0;1;0;1;0
927;502;0;18;0;1;0;0;0
928;503;0;42;0;1;0;0;0
929;504;0;10;1;1;1;2;1
930;504;1;16;1;1;1;1;0
931;504;2;80;0;1;0;1;0
932;506;0;9;1;1;0;8;0
933;506;1;58;0;1;0;38;0
934;506;2;50;0;1;0;1;0
935;508;0;50;0;1;0;0;0
936;509;0;37;0;1;0;0;0
937;510;0;9;1;1;0;8;0
938;510;1;9;1;1;0;8;0
939;510;2;9;1;1;0;6;0
940;511;0;9;1;1;0;6;0
941;511;1;9;1;1;0;8;0
942;511;2;9;1;0;0;0;0
943;512;0;9;1;1;0;1;0
944;512;1;9;1;1;0;1;0
945;512;2;70;0;1;0;1;0
946;514;0;9;1;0;0;0;0
947;515;0;9;1;1;8;11;11
948;515;1;10;1;1;4;4;4
949;515;2;11;1;1;13;12;18
950;515;3;11;1;1;1;9;1
951;515;4;10;1;1;4;3;2
952;516;0;22;0;1;0;1;0
953;516;1;22;0;1;0;1;0
954;516;2;30;0;1;0;1;0
955;516;3;14;1;1;0;1;0
956;516;4;34;0;1;8;8;7
957;517;0;70;0;1;29;54;28
958;517;1;50;0;1;0;49;0
959;518;0;41;0;1;0;39;0
960;518;1;41;0;0;0;0;0
961;519;0;9;1;1;0;8;0
962;520;0;50;0;1;0;0;0
963;521;0;41;0;1;0;35;0
964;521;1;52;0;1;19;45;23
965;521;2;51;0;1;6;43;11
966;522;0;9;1;1;2;6;2
967;522;1;70;0;1;1;47;2
968;522;2;82;0;1;0;1;0
969;522;3;47;0;1;0;1;0
970;523;0;9;1;1;0;2;0
971;523;1;9;1;1;0;1;0
972;523;2;9;1;1;0;1;0
973;523;3;9;1;1;0;1;0
974;523;4;9;1;1;4;11;7
975;523;5;9;1;1;0;8;0
976;523;6;9;1;0;0;0;0
977;524;0;22;0;1;0;21;0
978;524;1;22;0;0;0;0;0
979;525;0;22;0;1;0;6;0
980;525;1;22;0;1;8;22;9
981;526;0;41;0;1;0;1;0
982;526;1;39;0;1;0;1;0
983;526;2;39;0;1;0;1;0
984;526;3;39;0;0;0;0;0
985;527;0;22;0;1;0;0;0
986;529;0;9;1;1;0;6;0
987;529;1;9;1;1;0;6;0
988;529;2;10;1;1;0;7;0
989;529;3;10;1;1;0;0;0
990;529;4;10;1;1;0;7;0
991;530;0;22;0;1;0;0;0
992;530;1;49;0;1;0;0;0
993;530;2;13;1;1;0;0;0
994;531;0;10;1;1;0;0;0
995;532;0;13;1;1;0;0;0
996;532;1;47;1;1;0;34;0
997;532;2;57;0;1;0;10;0
998;532;3;57;0;1;13;42;14
999;532;4;56;0;1;0;10;0
1000;532;5;55;0;1;0;1;0
1001;532;6;55;0;1;0;1;0
1002;533;0;9;1;1;0;0;0
1003;534;0;22;0;1;3;29;11
1004;534;1;23;0;1;0;18;0
1005;534;2;24;0;1;0;20;0
1006;534;3;24;0;1;0;6;0
1007;536;0;24;0;1;0;0;0
1008;537;0;9;1;1;2;9;3
1009;537;1;82;0;1;1;24;1
1010;537;2;47;0;1;0;1;0
1011;539;0;47;0;1;0;0;0
1012;541;0;14;1;1;0;11;0
1013;541;1;9;1;1;0;8;0
1014;541;2;14;1;1;1;12;1
1015;541;3;14;1;0;0;0;0
1016;542;0;22;0;1;0;0;0
1017;543;0;9;1;1;0;0;0
1018;543;1;9;1;1;0;0;0
1019;544;0;9;1;1;0;6;0
1020;544;1;70;0;1;0;22;0
1021;544;2;82;0;1;0;81;0
1022;545;0;22;0;1;0;18;0
1023;545;1;26;0;0;0;0;0
1024;546;0;82;0;1;0;0;0
1025;548;0;9;1;1;0;0;0
1026;549;0;22;0;1;0;0;0
1027;550;0;10;1;0;0;0;0
1028;551;0;20;1;0;0;0;0
1029;554;0;9;1;1;0;0;0
1030;554;1;70;0;1;0;0;0
1031;554;2;9;1;1;0;0;0
1032;555;0;9;1;1;2;11;5
1033;556;0;22;0;1;0;21;0
1034;556;1;28;0;1;0;1;0
1035;557;0;9;1;1;5;1;0
1036;557;1;26;0;1;8;1;0
1037;557;2;10;1;1;5;1;0
1038;557;3;16;1;1;8;6;5
1039;557;4;78;0;1;0;1;0
1040;557;5;16;1;1;1;1;0
1041;559;0;16;1;1;0;0;0
1042;559;1;16;1;1;0;1;0
1043;559;2;54;0;1;0;1;0
1044;560;0;41;0;1;0;0;0
1045;560;1;39;1;1;0;1;0
1046;560;2;39;1;1;1;2;1
1047;560;3;53;0;1;0;1;0
1048;560;4;52;0;1;0;1;0
1049;561;0;7;1;1;0;3;0
1050;561;1;16;1;1;0;1;0
1051;561;2;46;0;1;0;1;0
1052;562;0;52;0;1;0;1;0
1053;563;0;46;0;1;0;0;0
1054;564;0;52;0;1;0;0;0
1055;565;0;82;0;1;35;52;60
1056;566;0;9;1;1;0;0;0
1057;566;1;10;1;1;0;8;0
1058;566;2;70;0;1;0;69;0
1059;566;3;82;0;1;7;31;13
1060;566;4;7;1;1;0;4;0
1061;566;5;86;0;1;0;28;0
1062;567;0;11;1;1;0;10;0
1063;567;1;22;0;1;0;14;0
1064;568;0;82;0;1;0;0;0
1065;569;0;22;0;1;0;0;0
1066;572;0;10;1;1;3;17;11
1067;572;1;86;0;1;1;52;1
1068;572;2;26;0;0;0;0;0
1069;573;0;22;0;1;0;8;0
1070;573;1;23;0;1;0;1;0
1071;573;2;14;1;1;0;1;0
1072;573;3;15;1;1;0;1;0
1073;573;4;29;0;1;0;1;0
1074;573;5;29;0;0;0;0;0
1075;574;0;9;1;1;0;1;0
1076;574;1;26;0;1;4;8;4
1077;574;2;17;1;1;6;4;3
1078;574;3;50;0;1;2;6;2
1079;574;4;50;0;1;1;1;1
1080;574;5;18;1;1;0;1;0
1081;574;6;18;1;1;0;6;0
1082;574;7;9;1;1;0;6;0
1083;574;8;18;1;1;0;6;0
1084;574;9;18;1;1;0;15;0
1085;574;10;57;0;1;0;4;0
1086;574;11;66;0;1;0;1;0
1087;576;0;9;1;1;0;6;0
1088;576;1;70;0;1;0;43;0
1089;576;2;82;0;1;0;1;0
1090;576;3;82;0;1;0;0;0
1091;577;0;22;0;1;0;0;0
1092;578;0;82;0;1;0;0;0
1093;579;0;35;0;1;0;0;0
1094;580;0;22;0;1;0;21;0
1095;581;0;9;1;1;0;7;0
1096;581;1;9;1;1;5;8;7
1097;581;2;9;1;1;1;12;7
1098;581;3;70;0;1;0;46;0
1099;581;4;70;0;1;1;1;0
1100;582;0;22;0;1;0;0;0
1101;582;1;25;0;1;0;0;0
1102;583;0;9;1;1;0;0;0
1103;583;1;9;1;1;0;0;0
1104;584;0;22;0;1;0;21;0
1105;584;1;22;0;1;0;15;0
1106;584;2;18;1;0;0;0;0
1107;585;0;18;0;1;0;0;0
1108;586;0;18;1;1;0;17;0
1109;586;1;39;0;1;0;38;0
1110;586;2;39;0;1;0;1;0
1111;586;3;47;0;1;0;1;0
1112;586;4;48;0;1;0;1;0
1113;586;5;63;0;1;0;1;0
1114;587;0;70;0;1;0;16;0
1115;587;1;58;0;1;0;18;0
1116;587;2;37;0;1;0;36;0
1117;587;3;58;0;1;0;57;0
1118;588;0;38;0;0;0;0;0
1119;589;0;58;0;1;0;0;0
1120;590;0;39;0;1;0;1;0
1121;590;1;39;0;1;0;1;0
1122;591;0;9;1;1;2;6;2
1123;591;1;7;1;1;0;4;0
1124;591;2;14;1;1;6;16;11
1125;592;0;10;1;1;0;1;0
1126;592;1;10;1;1;0;0;0
1127;592;2;10;1;0;0;0;0
1128;593;0;20;1;0;0;0;0
1129;596;0;9;1;1;1;8;1
1130;596;1;10;1;1;0;7;0
1131;596;2;70;0;1;1;69;1
1132;597;0;12;1;1;0;1;0
1133;598;0;9;1;1;0;0;0
1134;600;0;9;1;1;0;0;0
1135;601;0;22;0;1;0;0;0
1136;602;0;9;1;1;0;6;0
1137;602;1;13;1;1;0;10;0
1138;602;2;9;1;0;0;0;0
1139;603;0;22;0;1;0;1;0
1140;603;1;12;1;1;0;1;0
1141;603;2;17;1;1;0;1;0
1142;603;3;23;0;1;0;1;0
1143;603;4;12;1;0;0;0;0
1144;606;0;9;1;1;0;0;0
1145;606;1;9;1;1;0;8;0
1146;607;0;11;1;1;0;0;0
1147;607;1;11;1;0;0;0;0
1148;608;0;78;0;1;0;48;0
1149;608;1;22;0;1;0;21;0
1150;610;0;9;1;1;0;4;0
1151;610;1;9;1;1;0;1;0
1152;610;2;9;1;1;0;1;0
1153;610;3;9;1;0;0;0;0
1154;611;0;10;1;1;0;7;0
1155;611;1;10;1;1;0;2;0
1156;612;0;34;0;0;0;0;0
1157;613;0;10;1;1;0;5;0
1158;613;1;10;1;1;0;7;0
1159;613;2;10;1;1;1;8;1
1160;613;3;13;1;1;0;10;0
1161;613;4;94;0;1;0;46;0
1162;613;5;62;0;1;0;61;0
1163;613;6;62;0;1;0;22;0
1164;613;7;62;0;1;0;1;0
1165;614;0;58;0;1;0;45;0
1166;614;1;58;0;1;8;25;13
1167;614;2;37;0;1;0;36;0
1168;614;3;37;0;0;0;0;0
1169;615;0;10;1;0;0;0;0
1170;617;0;10;1;1;0;9;0
1171;617;1;14;1;1;0;13;0
1172;617;2;38;0;1;0;37;0
1173;617;3;38;0;1;0;2;0
1174;618;0;9;1;1;0;8;0
1175;618;1;9;1;0;0;0;0
1176;619;0;9;1;1;0;7;0
1177;619;1;9;1;1;0;6;0
1178;619;2;9;1;1;0;7;0
1179;619;3;15;1;1;0;12;0
1180;619;4;58;0;1;0;25;0
1181;620;0;9;1;1;0;8;0
1182;620;1;7;1;1;1;5;1
1183;620;2;7;1;1;0;5;0
1184;620;3;9;1;1;0;8;0
1185;620;4;9;1;1;0;6;0
1186;620;5;9;1;0;0;0;0
1187;621;0;22;0;1;0;10;0
1188;622;0;9;1;1;0;8;0
1189;622;1;10;1;1;0;9;0
1190;622;2;11;1;1;0;8;0
1191;622;3;82;0;1;0;81;0
1192;622;4;82;0;1;0;25;0
1193;622;5;94;0;1;0;93;0
1194;622;6;52;0;1;0;33;0
1195;622;7;51;0;1;0;49;0
1196;623;0;22;0;1;0;0;0
1197;626;0;9;1;1;1;6;1
1198;626;1;7;1;1;1;4;1
1199;626;2;14;1;1;0;11;0
1200;626;3;14;1;1;1;13;1
1201;626;4;14;1;0;0;0;0
1202;627;0;9;1;1;8;14;14
1203;627;1;9;1;1;2;8;2
1204;627;2;9;1;0;0;0;0
1205;628;0;22;0;1;0;0;0
1206;628;1;22;0;1;0;21;0
1207;629;0;9;1;1;0;0;0
1208;629;1;14;1;1;1;1;0
1209;629;2;14;1;1;1;1;0
1210;630;0;9;1;1;1;7;1
1211;631;0;22;0;1;0;0;0
1212;632;0;9;1;1;1;15;8
1213;632;1;10;1;1;0;3;0
1214;633;0;22;0;1;0;21;0
1215;634;0;15;1;1;0;1;0
1216;635;0;10;1;1;0;0;0
1217;636;0;22;0;1;0;0;0
1218;637;0;9;1;1;0;0;0
1219;638;0;26;0;1;0;1;0
1220;638;1;29;1;1;0;1;0
1221;638;2;30;1;0;0;0;0
1222;639;0;78;0;1;0;0;0
1223;639;1;47;0;1;0;1;0
1224;639;2;52;0;1;0;1;0
1225;640;0;39;0;1;0;1;0
1226;641;0;9;1;1;2;6;2
1227;641;1;18;1;1;4;17;6
1228;641;2;18;1;0;0;0;0
1229;642;0;22;0;1;0;0;0
1230;643;0;13;1;1;3;12;5
1231;643;1;13;1;1;14;21;26
1232;643;2;70;0;1;7;22;7
1233;643;3;70;0;1;11;7;8
1234;643;4;82;0;1;0;0;0
1235;643;5;82;0;1;9;26;13
1236;643;6;82;0;1;0;19;0
1237;643;7;47;0;1;0;30;0
1238;644;0;34;0;1;0;1;0
1239;644;1;38;0;1;0;1;0
1240;644;2;38;0;0;0;0;0
1241;645;0;47;0;1;0;0;0
1242;646;0;37;0;1;0;1;0
1243;647;0;9;1;1;2;7;3
1244;647;1;14;1;1;1;14;2
1245;647;2;70;0;1;2;26;4
1246;647;3;58;0;1;6;23;6
1247;647;4;37;0;1;0;26;0
1248;647;5;7;1;1;1;6;1
1249;647;6;43;0;1;0;42;0
1250;648;0;22;0;1;0;21;0
1251;648;1;23;0;1;0;21;0
1252;648;2;12;1;1;1;11;1
1253;648;3;37;0;1;0;36;0
1254;649;0;43;0;1;0;0;0
1255;650;0;22;0;1;0;21;0
1256;651;0;9;1;1;1;9;2
1257;651;1;9;1;1;1;6;1
1258;652;0;9;1;1;5;9;6
1259;652;1;47;0;1;0;1;0
1260;653;0;22;0;1;0;0;0
1261;655;0;22;0;1;0;0;0
1262;656;0;47;0;1;0;0;0
1263;657;0;51;0;1;0;0;0
1264;657;1;51;0;1;0;1;0
1265;658;0;9;1;1;0;8;0
1266;658;1;9;1;1;2;3;2
1267;658;2;9;1;1;0;5;0
1268;660;0;9;1;1;0;0;0
1269;662;0;9;1;1;1;7;1
1270;662;1;9;1;1;0;8;0
1271;662;2;10;1;1;0;9;0
1272;662;3;10;1;1;3;1;0
1273;662;4;70;0;1;11;26;13
1274;662;5;70;0;0;0;0;0
1275;663;0;9;1;1;0;6;0
1276;663;1;9;1;1;1;6;2
1277;663;2;10;1;1;0;7;0
1278;663;3;70;0;1;0;23;0
1279;663;4;82;0;1;0;43;0
1280;663;5;82;0;1;0;20;0
1281;663;6;47;0;1;0;46;0
1282;664;0;23;0;1;0;0;0
1283;665;0;47;0;1;0;0;0
1284;667;0;9;1;1;0;4;0
1285;667;1;58;0;1;0;1;0
1286;667;2;58;0;1;0;6;0
1287;667;3;7;1;1;0;0;0
1288;667;4;37;0;1;0;26;0
1289;668;0;2;1;1;0;1;0
1290;668;1;45;0;1;0;1;0
1291;668;2;45;0;1;0;1;0
1292;669;0;37;0;1;0;0;0
1293;670;0;45;0;1;0;0;0
1294;671;0;22;0;1;0;1;0
1295;671;1;22;0;0;0;0;0
1296;672;0;9;1;1;0;0;0
1297;673;0;9;1;1;8;5;7
1298;673;1;7;1;1;2;6;3
1299;673;2;9;1;1;6;8;6
1300;673;3;43;0;1;0;21;0
1301;675;0;9;1;1;0;8;0
1302;675;1;11;1;1;0;9;0
1303;675;2;11;1;1;0;10;0
1304;675;3;11;1;0;0;0;0
1305;676;0;43;0;1;0;0;0
1306;678;0;7;1;1;0;0;0
1307;678;1;14;1;1;0;0;0
1308;678;2;9;1;1;0;0;0
1309;680;0;7;1;1;0;6;0
1310;680;1;9;1;1;0;8;0
1311;680;2;17;1;1;4;17;5
1312;680;3;52;0;0;0;0;0
1313;681;0;15;1;1;5;4;3
1314;681;1;47;0;1;0;1;0
1315;681;2;52;0;1;0;1;0
1316;682;0;35;0;1;0;1;0
1317;682;1;38;0;1;0;1;0
1318;682;2;37;0;1;0;1;0
1319;682;3;37;0;1;0;1;0
1320;686;0;9;1;1;0;0;0
1321;686;1;9;1;1;0;0;0
1322;686;2;9;1;1;0;0;0
1323;687;0;22;0;1;0;21;0
1324;687;1;22;0;1;0;1;0
1325;688;0;9;1;1;0;0;0
1326;689;0;9;1;1;0;8;0
1327;689;1;10;1;1;0;9;0
1328;689;2;15;1;1;0;14;0
1329;689;3;62;0;1;0;1;0
1330;690;0;22;0;1;0;21;0
1331;690;1;12;1;1;0;1;0
1332;690;2;28;0;1;0;1;0
1333;690;3;28;0;0;0;0;0
1334;691;0;22;0;1;0;21;0
1335;691;1;32;0;0;0;0;0
1336;692;0;62;0;1;0;0;0
1337;696;0;9;1;1;5;10;9
1338;696;1;16;1;1;2;13;2
1339;696;2;46;0;1;4;5;3
1340;696;3;46;0;1;9;14;11
1341;696;4;41;0;1;0;0;0
1342;697;0;9;1;1;0;0;0
1343;697;1;10;1;1;0;0;0
1344;697;2;11;1;1;0;1;0
1345;698;0;22;0;1;4;26;12
1346;698;1;13;1;0;0;0;0
1347;699;0;41;0;1;0;0;0
1348;700;0;13;1;1;0;1;0
1349;701;0;22;0;1;0;0;0
1350;701;1;15;0;1;0;0;0
1351;701;2;15;0;1;1;3;2
1352;701;3;17;0;1;0;3;0
1353;702;0;11;1;1;0;0;0
1354;702;1;12;1;1;0;0;0
1355;703;0;17;0;1;0;0;0
1356;704;0;9;1;1;0;0;0
1357;705;0;9;1;1;0;7;0
1358;705;1;9;1;1;0;7;0
1359;705;2;9;1;1;1;6;1
1360;705;3;9;1;1;0;6;0
1361;705;4;9;1;0;0;0;0
1362;706;0;22;0;1;0;21;0
1363;706;1;22;0;1;0;21;0
1364;706;2;5;1;1;0;2;0
1365;706;3;23;0;1;0;1;0
1366;706;4;23;0;1;0;1;0
1367;706;5;23;0;1;0;1;0
1368;706;6;23;0;0;0;0;0
1369;707;0;22;0;0;0;0;0
1370;708;0;9;1;1;5;12;9
1371;708;1;9;1;1;3;11;6
1372;708;2;9;1;1;0;8;0
1373;708;3;9;1;0;0;0;0
1374;709;0;23;0;1;0;22;0
1375;709;1;18;1;1;0;17;0
1376;711;0;18;1;1;0;0;0
1377;712;0;9;1;1;0;0;0
1378;712;1;9;1;1;0;0;0
1379;712;2;7;1;1;0;0;0
1380;713;0;9;1;1;0;4;0
1381;713;1;14;1;1;0;1;0
1382;713;2;14;1;1;2;2;2
1383;713;3;18;0;1;1;1;1
1384;713;4;18;0;0;0;0;0
1385;714;0;24;0;1;0;0;0
1386;717;0;9;1;1;0;6;0
1387;717;1;9;1;1;1;7;1
1388;717;2;70;0;1;1;28;1
1389;717;3;58;0;1;1;74;18
1390;717;4;37;0;1;0;36;0
1391;717;5;37;0;0;0;0;0
1392;718;0;22;0;1;1;22;2
1393;718;1;17;1;1;0;16;0
1394;718;2;23;0;1;0;22;0
1395;718;3;12;1;1;0;11;0
1396;718;4;12;1;0;0;0;0
1397;720;0;12;1;1;0;11;0
1398;720;1;33;0;1;0;1;0
1399;721;0;9;1;1;0;7;0
1400;721;1;82;0;1;0;66;0
1401;721;2;47;0;1;1;46;1
1402;721;3;37;0;1;1;1;1
1403;721;4;37;0;0;0;0;0
1404;722;0;27;1;0;0;0;0
1405;724;0;27;1;1;0;1;0
1406;724;1;28;1;1;0;1;0
1407;725;0;9;1;1;0;6;0
1408;725;1;46;0;1;0;0;0
1409;726;0;9;1;1;0;0;0
1410;728;0;9;1;1;0;6;0
1411;728;1;70;0;1;0;29;0
1412;729;0;22;0;1;0;0;0
1413;730;0;70;0;1;0;0;0
1414;731;0;12;1;1;1;17;7
1415;732;0;9;1;1;0;8;0
1416;732;1;10;1;1;0;7;0
1417;732;2;82;0;1;0;1;0
1418;733;0;23;0;1;0;1;0
1419;733;1;28;0;1;0;1;0
1420;733;2;33;0;1;0;1;0
1421;734;0;82;0;1;0;0;0
1422;735;0;33;0;1;0;0;0
1423;736;0;9;1;1;0;0;0
1424;736;1;9;1;1;0;6;0
1425;737;0;18;0;1;0;1;0
1426;737;1;18;0;1;0;17;0
1427;737;2;22;0;1;0;13;0
1428;739;0;22;0;1;0;0;0
1429;741;0;10;1;1;0;9;0
1430;741;1;8;1;1;0;7;0
1431;742;0;22;0;1;0;4;0
1432;743;0;8;1;1;0;0;0
1433;743;1;10;1;1;0;7;0
1434;743;2;70;0;1;0;21;0
1435;743;3;62;0;1;14;62;15
1436;744;0;22;0;1;0;12;0
1437;744;1;17;1;1;0;16;0
1438;744;2;23;0;1;0;16;0
1439;745;0;7;1;1;0;6;0
1440;746;0;22;0;1;0;21;0
1441;747;0;9;1;1;1;7;2
1442;747;1;43;0;1;0;1;0
1443;747;2;42;0;1;0;1;0
1444;747;3;47;0;1;0;1;0
1445;748;0;38;0;1;0;1;0
1446;749;0;47;0;1;0;0;0
1447;750;0;38;0;1;0;0;0
1448;750;1;16;1;1;0;1;0
1449;750;2;37;0;1;0;1;0
1450;751;0;18;0;1;0;1;0
1451;751;1;22;0;1;0;1;0
1452;751;2;22;0;1;0;1;0
1453;751;3;22;0;1;0;1;0
1454;751;4;22;0;0;0;0;0
1455;752;0;22;0;1;0;0;0
1456;754;0;18;1;1;0;0;0
1457;755;0;9;1;1;0;1;0
1458;755;1;9;1;1;0;6;0
1459;755;2;10;1;1;2;1;0
1460;755;3;58;0;1;0;6;0
1461;755;4;58;0;1;0;1;0
1462;755;5;10;1;1;2;1;0
1463;755;6;94;0;1;0;1;0
1464;755;7;94;0;1;0;1;0
1465;755;8;94;0;1;0;5;0
1466;755;9;10;1;1;0;8;0
1467;755;10;94;0;1;0;19;0
1468;755;11;94;0;1;14;3;2
1469;755;12;98;0;1;0;1;0
1470;756;0;22;0;1;0;0;0
1471;757;0;98;0;1;0;0;0
1472;759;0;9;1;1;0;8;0
1473;759;1;9;1;0;0;0;0
1474;760;0;22;0;1;0;21;0
1475;761;0;14;1;1;0;12;0
1476;761;1;42;0;1;0;29;0
1477;761;2;37;0;1;0;36;0
1478;762;0;9;1;1;0;2;0
1479;762;1;9;1;1;1;8;1
1480;762;2;9;1;1;0;8;0
1481;762;3;82;0;1;0;48;0
1482;762;4;82;0;1;0;52;0
1483;762;5;47;0;1;0;20;0
1484;763;0;22;0;1;0;0;0
1485;764;0;47;0;1;0;0;0
1486;766;0;37;0;1;0;2;0
1487;767;0;37;0;1;0;1;0
1488;768;0;37;0;1;0;0;0
1489;769;0;37;0;1;0;0;0
1490;770;0;9;1;1;0;8;0
1491;770;1;9;1;1;0;6;0
1492;770;2;50;0;1;0;49;0
1493;772;0;50;0;1;0;0;0
1494;773;0;12;1;1;0;11;0
1495;773;1;37;0;1;0;36;0
1496;773;2;37;0;1;0;35;0
1497;773;3;37;0;1;0;36;0
1498;774;0;9;1;1;0;0;0
1499;775;0;39;0;1;0;38;0
1500;776;0;41;0;1;0;0;0
1501;777;0;39;0;1;0;0;0
1502;778;0;9;1;1;1;7;1
1503;778;1;9;1;1;11;14;17
1504;780;0;9;1;1;2;8;2
1505;781;0;9;1;1;0;0;0
1506;781;1;9;1;1;0;0;0
1507;782;0;9;1;1;0;0;0
1508;782;1;70;0;1;0;0;0
1509;782;2;58;0;1;0;0;0
1510;784;0;14;1;1;0;13;0
1511;784;1;9;1;1;0;7;0
1512;784;2;58;0;1;0;40;0
1513;784;3;58;0;1;0;21;0
1514;784;4;58;0;1;3;22;3
1515;784;5;58;0;1;0;23;0
1516;784;6;62;0;1;0;25;0
1517;784;7;58;0;1;0;20;0
1518;784;8;54;0;1;0;53;0
1519;786;0;8;1;1;0;7;0
1520;786;1;8;1;1;0;6;0
1521;786;2;9;1;1;0;6;0
1522;786;3;9;1;1;0;8;0
1523;786;4;9;1;1;0;8;0
1524;786;5;9;1;1;0;7;0
1525;786;6;9;1;0;0;0;0
1526;787;0;33;0;0;0;0;0
1527;790;0;14;1;1;0;13;0
1528;790;1;14;1;0;0;0;0
1529;791;0;22;0;1;0;11;0
1530;791;1;22;0;0;0;0;0
1531;792;0;9;1;1;0;4;0
1532;792;1;9;1;1;0;0;0
1533;792;2;9;1;1;0;1;0
1534;793;0;22;0;1;0;21;0
1535;794;0;9;1;1;0;0;0
1536;795;0;22;0;1;0;0;0
1537;796;0;9;1;1;0;0;0
1538;796;1;9;1;1;0;0;0
1539;796;2;9;1;1;0;0;0
1540;797;0;82;0;1;0;54;0
1541;797;1;94;0;1;0;23;0
1542;797;2;7;1;1;0;6;0
1543;798;0;22;0;1;0;16;0
1544;799;0;21;1;1;0;0;0
1545;800;0;7;1;1;0;0;0
1546;800;1;7;1;1;0;6;0
1547;800;2;7;1;1;0;6;0
1548;800;3;47;0;1;0;39;0
1549;801;0;15;1;1;0;14;0
1550;801;1;37;0;1;0;1;0
1551;802;0;7;1;1;0;0;0
1552;802;1;7;1;1;0;6;0
1553;802;2;7;1;1;0;6;0
1554;802;3;47;0;1;0;39;0
1555;803;0;15;1;1;0;14;0
1556;803;1;37;0;1;0;1;0
1557;804;0;9;1;1;0;1;0
1558;804;1;9;1;1;1;1;0
1559;804;2;58;0;1;0;1;0
1560;804;3;58;0;1;0;19;0
1561;804;4;37;0;1;0;1;0
1562;805;0;13;1;1;0;1;0
1563;805;1;34;0;1;0;1;0
1564;805;2;34;0;0;0;0;0
1565;806;0;37;0;1;0;0;0
1566;808;0;70;0;1;1;1;0
1567;808;1;70;0;1;0;17;0
1568;808;2;70;0;1;0;1;0
1569;808;3;70;0;0;0;0;0
1570;809;0;18;1;1;0;1;0
1571;809;1;19;1;1;0;2;0
1572;809;2;32;0;1;0;1;0
1573;811;0;32;0;1;0;0;0
1574;812;0;9;1;0;0;0;0
1575;813;0;9;1;1;0;6;0
1576;813;1;82;0;1;0;25;0
1577;813;2;47;0;1;0;46;0
1578;815;0;47;0;1;0;0;0
1579;817;0;9;1;1;0;0;0
1580;817;1;9;1;1;0;0;0
1581;817;2;9;1;1;0;0;0
1582;818;0;22;0;1;0;0;0
1583;819;0;19;1;1;0;1;0
1584;819;1;42;0;1;11;12;15
1585;820;0;37;0;1;0;1;0
1586;821;0;54;0;1;0;1;0
1587;822;0;37;0;1;0;0;0
1588;823;0;54;0;1;0;0;0
1589;824;0;9;1;1;0;6;0
1590;824;1;9;1;1;0;6;0
1591;824;2;10;1;1;0;7;0
1592;824;3;10;1;1;0;9;0
1593;824;4;70;0;1;0;7;0
1594;825;0;9;1;1;0;6;0
1595;825;1;10;1;1;0;7;0
1596;825;2;70;0;1;4;27;5
1597;825;3;10;1;1;0;1;0
1598;825;4;9;1;1;0;6;0
1599;825;5;10;1;1;0;7;0
1600;825;6;10;1;1;0;7;0
1601;825;7;70;0;1;25;39;29
1602;825;8;9;1;1;0;6;0
1603;825;9;86;0;1;0;0;0
1604;825;10;86;0;1;0;51;0
1605;826;0;22;0;1;0;0;0
1606;826;1;17;1;0;0;0;0
1607;827;0;9;1;1;1;11;6
1608;827;1;18;0;1;0;1;0
1609;828;0;22;0;1;0;0;0
1610;829;0;18;0;1;0;0;0
1611;831;0;9;1;1;1;12;5
1612;832;0;9;1;1;0;1;0
1613;832;1;70;0;1;0;1;0
1614;832;2;82;0;1;1;23;1
1615;832;3;7;1;1;0;0;0
1616;833;0;22;0;1;1;22;2
1617;833;1;12;1;0;0;0;0
1618;834;0;9;1;1;1;6;1
1619;834;1;15;1;1;0;12;0
1620;834;2;69;0;1;0;20;0
1621;834;3;80;0;1;0;22;0
1622;834;4;69;0;0;0;0;0
1623;835;0;22;0;1;0;1;0
1624;835;1;22;0;1;0;18;0
1625;835;2;33;0;1;0;28;0
1626;837;0;33;0;1;0;0;0
1627;838;0;9;1;1;2;8;4
1628;838;1;7;1;1;0;4;0
1629;838;2;9;1;1;7;12;11
1630;838;3;10;1;1;0;3;0
1631;839;0;22;0;1;9;21;9
1632;839;1;23;0;1;4;21;7
1633;839;2;13;1;1;0;12;0
1634;839;3;13;1;1;0;12;0
1635;839;4;13;1;0;0;0;0
1636;840;0;9;1;1;1;8;1
1637;840;1;10;1;1;1;7;1
1638;840;2;70;0;1;0;17;0
1639;840;3;14;1;1;2;13;2
1640;840;4;42;0;1;0;1;0
1641;841;0;9;1;1;0;7;0
1642;841;1;9;1;1;2;8;2
1643;841;2;70;0;1;0;69;0
1644;841;3;70;0;0;0;0;0
1645;842;0;9;1;1;0;8;0
1646;843;0;22;0;0;0;0;0
1647;844;0;9;1;1;0;6;0
1648;844;1;10;1;1;0;7;0
1649;844;2;17;1;1;3;18;5
1650;844;3;17;1;1;1;15;1
1651;845;0;10;1;1;9;9;9
1652;846;0;14;1;1;0;11;0
1653;846;1;37;0;1;5;15;6
1654;846;2;37;0;1;0;28;0
1655;847;0;9;1;1;0;8;0
1656;847;1;9;1;1;2;1;0
1657;847;2;9;1;1;3;14;11
1658;848;0;22;0;1;0;21;0
1659;850;0;9;1;1;0;0;0
1660;851;0;22;0;1;0;0;0
1661;852;0;9;1;1;0;6;0
1662;852;1;9;1;1;0;6;0
1663;852;2;60;0;0;0;0;0
1664;853;0;12;1;0;0;0;0
1665;856;0;54;0;1;0;1;0
1666;856;1;60;0;0;0;0;0
1667;857;0;12;1;0;0;0;0
1668;859;0;12;1;1;0;1;0
1669;860;0;9;1;1;0;8;0
1670;860;1;11;1;1;0;10;0
1671;860;2;74;0;1;5;77;9
1672;861;0;46;1;1;0;0;0
1673;862;0;9;1;1;1;8;1
1674;863;0;22;0;1;0;21;0
1675;863;1;25;0;1;0;1;0
1676;864;0;9;1;1;0;0;0
1677;865;0;25;0;1;0;0;0
1678;866;0;9;1;1;0;8;0
1679;867;0;22;0;1;0;10;0
1680;868;0;9;1;1;4;11;7
1681;868;1;9;1;1;0;8;0
1682;868;2;9;1;0;0;0;0
1683;869;0;22;0;1;1;21;1
1684;869;1;22;0;1;0;1;0
1685;869;2;22;0;1;1;1;0
1686;869;3;11;1;1;0;10;0
1687;869;4;11;1;1;0;5;0
1688;870;0;14;1;1;4;15;6
1689;870;1;42;0;1;3;15;3
1690;870;2;47;0;1;0;33;0
1691;872;0;9;1;0;0;0;0
1692;873;0;38;0;1;0;1;0
1693;874;0;9;1;1;0;1;0
1694;875;0;9;1;1;3;8;5
1695;875;1;50;0;1;0;1;0
1696;875;2;50;0;0;0;0;0
1697;877;0;38;0;1;0;0;0
1698;878;0;22;0;1;0;0;0
1699;878;1;22;0;1;0;0;0
1700;879;0;9;1;1;0;8;0
1701;879;1;7;1;1;1;5;1
1702;879;2;7;1;1;0;4;0
1703;879;3;14;1;1;0;11;0
1704;879;4;46;0;1;0;27;0
1705;880;0;22;0;1;0;0;0
1706;881;0;46;0;1;0;0;0
1707;883;0;9;1;1;0;0;0
1708;883;1;70;0;1;0;0;0
1709;883;2;70;0;1;0;0;0
1710;884;0;22;0;1;0;0;0
1711;885;0;46;0;1;0;0;0
1712;886;0;12;1;1;0;0;0
1713;887;0;9;1;1;0;7;0
1714;887;1;9;1;1;0;6;0
1715;887;2;10;1;1;0;7;0
1716;887;3;10;1;1;0;9;0
1717;887;4;10;1;0;0;0;0
1718;888;0;14;1;1;1;7;1
1719;888;1;9;1;1;2;9;3
1720;888;2;70;0;1;0;1;0
1721;888;3;42;0;1;1;1;1
1722;888;4;47;0;0;0;0;0
1723;889;0;9;1;1;0;1;0
1724;890;0;22;0;1;0;0;0
1725;892;0;39;1;1;0;1;0
1726;893;0;9;1;1;0;1;0
1727;895;0;47;0;1;0;35;0
1728;896;0;39;1;1;0;0;0
1729;897;0;9;1;1;0;8;0
1730;897;1;15;1;1;0;14;0
1731;897;2;15;1;1;3;2;1
1732;897;3;69;0;1;0;21;0
1733;897;4;69;0;1;0;1;0
1734;897;5;58;0;1;0;1;0
1735;897;6;58;0;0;0;0;0
1736;898;0;9;1;1;8;9;9
1737;898;1;10;1;1;0;7;0
1738;898;2;15;1;1;0;12;0
1739;898;3;69;0;1;0;23;0
1740;899;0;22;0;1;0;1;0
1741;900;0;69;0;1;0;0;0
1742;901;0;22;0;1;0;0;0
1743;902;0;9;1;1;0;8;0
1744;902;1;70;0;1;0;23;0
1745;902;2;82;0;1;0;51;0
1746;902;3;82;0;1;0;23;0
1747;902;4;82;0;1;0;26;0
1748;902;5;82;0;1;0;23;0
1749;902;6;82;0;1;0;22;0
1750;902;7;82;0;1;0;0;0
1751;902;8;8;1;1;0;5;0
1752;902;9;10;1;1;0;7;0
1753;902;10;82;0;1;0;14;0
1754;902;11;106;0;1;0;32;0
1755;902;12;82;0;1;0;26;0
1756;902;13;94;0;1;0;29;0
1757;902;14;106;0;1;0;32;0
1758;902;15;106;0;1;0;32;0
1759;902;16;13;1;1;0;12;0
1760;902;17;106;0;1;0;32;0
1761;902;18;94;0;1;0;30;0
1762;902;19;13;1;1;0;11;0
1763;902;20;94;0;1;0;24;0
1764;902;21;106;0;1;0;32;0
1765;902;22;94;0;1;0;20;0
1766;902;23;94;0;1;0;29;0
1767;902;24;106;0;1;0;32;0
1768;902;25;70;0;1;0;44;0
1769;902;26;74;0;1;1;41;17
1770;902;27;74;0;1;1;73;1
1771;902;28;74;0;1;0;0;0
1772;904;0;9;1;1;0;0;0
1773;904;1;10;1;1;9;12;12
1774;905;0;9;1;1;0;8;0
1775;905;1;70;0;1;0;18;0
1776;905;2;9;1;1;0;6;0
1777;905;3;9;1;1;0;6;0
1778;905;4;10;1;1;1;8;1
1779;905;5;70;0;1;0;1;0
1780;906;0;22;0;1;3;2;2
1781;906;1;22;0;1;0;1;0
1782;906;2;25;0;1;0;1;0
1783;906;3;21;1;0;0;0;0
1784;907;0;70;0;1;0;0;0
1785;907;1;18;0;1;0;1;0
1786;909;0;8;1;1;0;7;0
1787;909;1;8;1;1;1;6;1
1788;909;2;26;0;1;0;1;0
1789;909;3;9;1;1;3;8;3
1790;909;4;10;1;1;0;1;0
1791;910;0;22;0;1;0;1;0
1792;911;0;10;1;1;0;9;0
1793;911;1;10;1;1;1;9;1
1794;911;2;62;0;1;0;22;0
1795;911;3;62;0;1;0;10;0
1796;911;4;62;0;1;0;11;0
1797;912;0;9;1;1;0;8;0
1798;912;1;14;1;1;2;20;9
1799;913;0;22;0;1;0;21;0
1800;914;0;14;1;1;1;16;5
1801;914;1;62;0;1;0;61;0
1802;915;0;22;0;1;0;0;0
1803;915;1;19;1;1;0;0;0
1804;915;2;19;1;1;0;0;0
1805;916;0;9;1;1;0;0;0
1806;916;1;10;1;1;0;1;0
1807;917;0;22;0;0;0;0;0
1808;918;0;10;1;1;0;0;0
1809;920;0;9;1;1;0;7;0
1810;920;1;70;0;1;0;23;0
1811;920;2;82;0;1;0;69;0
1812;921;0;22;0;1;0;12;0
1813;921;1;12;1;1;1;2;2
1814;921;2;33;0;1;0;1;0
1815;921;3;36;0;0;0;0;0
1816;922;0;82;0;1;0;0;0
1817;924;0;9;1;1;4;8;4
1818;925;0;22;0;1;0;0;0
1819;926;0;9;1;1;0;0;0
1820;926;1;15;1;1;1;1;0
1821;926;2;47;0;1;0;1;0
1822;927;0;22;0;1;0;0;0
1823;928;0;9;1;1;0;5;0
1824;928;1;10;1;1;1;14;6
1825;928;2;15;1;1;0;10;0
1826;928;3;47;0;1;0;46;0
1827;930;0;47;0;1;0;0;0
1828;931;0;12;1;1;0;1;0
1829;931;1;13;1;1;0;1;0
1830;931;2;14;1;1;0;1;0
1831;931;3;37;0;1;0;1;0
1832;931;4;39;0;1;0;1;0
1833;932;0;9;1;1;0;7;0
1834;932;1;70;0;1;7;29;14
1835;934;0;70;0;1;0;0;0
1836;934;1;82;0;1;0;1;0
1837;934;2;34;0;1;0;1;0
1838;934;3;64;0;1;0;1;0
1839;936;0;9;1;1;0;1;0
1840;936;1;14;1;1;0;1;0
1841;936;2;15;1;1;0;1;0
1842;936;3;50;0;1;0;1;0
1843;936;4;50;0;1;0;1;0
1844;937;0;22;0;1;0;21;0
1845;937;1;12;1;1;0;1;0
1846;937;2;15;1;1;0;1;0
1847;937;3;33;0;1;0;1;0
1848;937;4;33;0;1;0;1;0
1849;937;5;33;0;0;0;0;0
1850;938;0;50;0;1;0;0;0
1851;940;0;9;1;1;2;8;2
1852;940;1;9;1;0;0;0;0
1853;941;0;22;0;1;0;21;0
1854;941;1;22;0;0;0;0;0
1855;943;0;9;1;1;0;0;0
1856;943;1;9;1;0;0;0;0
1857;944;0;22;0;1;0;5;0
1858;946;0;22;0;1;0;0;0
1859;947;0;9;1;1;0;0;0
1860;949;0;22;0;0;0;0;0
1861;950;0;9;1;1;2;14;8
1862;951;0;22;0;1;0;21;0
1863;952;0;9;1;1;0;0;0
1864;953;0;22;0;1;0;0;0
1865;954;0;9;1;1;0;0;0
1866;955;0;22;0;0;0;0;0
1867;956;0;58;0;1;0;1;0
1868;956;1;37;0;1;0;1;0
1869;957;0;13;1;1;0;1;0
1870;957;1;34;0;0;0;0;0
1871;958;0;37;0;1;0;0;0
1872;959;0;34;0;1;4;21;1
1873;959;1;35;0;1;0;1;0
1874;960;0;9;1;1;0;6;0
1875;960;1;9;1;1;0;6;0
1876;960;2;10;1;1;0;7;0
1877;961;0;22;0;1;0;21;0
1878;961;1;12;1;1;0;11;0
1879;962;0;10;1;1;0;0;0
1880;963;0;12;1;1;0;0;0
1881;964;0;22;0;1;0;1;0
1882;965;0;38;0;1;0;1;0
1883;966;0;22;0;1;0;0;0
1884;967;0;38;0;1;0;0;0
1885;968;0;9;1;1;0;6;0
1886;968;1;10;1;1;0;7;0
1887;968;2;58;0;1;0;31;0
1888;969;0;22;0;1;0;21;0
1889;970;0;58;0;1;0;0;0
1890;971;0;22;0;1;0;0;0
1891;972;0;7;1;1;0;6;0
1892;972;1;20;1;1;14;24;20
1893;972;2;15;1;1;0;7;0
1894;974;0;70;0;1;0;69;0
1895;974;1;70;0;0;0;0;0
1896;975;0;22;0;1;0;0;0
1897;975;1;12;1;1;0;0;0
1898;976;0;9;1;1;0;8;0
1899;976;1;58;0;1;0;19;0
1900;976;2;37;0;1;0;35;0
1901;980;0;37;0;1;0;0;0
1902;982;0;9;1;1;0;6;0
1903;982;1;7;1;1;0;6;0
1904;982;2;9;1;1;1;8;1
1905;982;3;9;1;1;0;8;0
1906;982;4;9;1;0;0;0;0
1907;983;0;22;0;1;0;11;0
1908;983;1;11;1;1;0;8;0
1909;983;2;11;1;0;0;0;0
1910;985;0;11;1;1;0;0;0
1911;986;0;10;1;1;17;18;26
1912;986;1;10;1;1;0;1;0
1913;986;2;10;1;1;0;1;0
1914;986;3;10;1;1;1;2;1
1915;986;4;10;1;0;0;0;0
1916;987;0;22;0;1;0;1;0
1917;987;1;33;0;1;0;1;0
1918;988;0;10;1;1;4;11;6
1919;988;1;46;0;1;0;1;0
1920;988;2;54;0;1;0;1;0
1921;989;0;33;0;1;0;0;0
1922;990;0;10;1;1;7;11;10
1923;990;1;82;0;1;2;23;4
1924;990;2;82;0;0;0;0;0
1925;994;0;58;0;1;40;40;46
1926;994;1;10;1;1;0;1;0
1927;994;2;74;0;1;0;1;0
1928;994;3;70;0;1;0;1;0
1929;994;4;94;0;1;0;1;0
1930;994;5;94;0;1;0;26;0
1931;995;0;94;0;1;0;0;0
1932;995;1;94;0;1;8;36;14
1933;995;2;70;0;1;57;65;89
1934;995;3;70;0;1;0;1;0
1935;995;4;64;0;1;22;13;11
1936;995;5;52;0;1;32;32;45
1937;996;0;13;1;1;0;0;0
1938;997;0;13;1;1;0;0;0
1939;997;1;34;0;0;0;0;0
1940;998;0;94;0;1;0;0;0
1941;998;1;94;0;1;8;36;14
1942;998;2;70;0;1;57;65;89
1943;998;3;70;0;1;0;1;0
1944;998;4;64;0;1;22;13;11
1945;998;5;52;0;1;32;32;45
1946;999;0;13;1;1;0;0;0
1947;999;1;34;0;0;0;0;0
1948;999;2;34;0;1;0;1;0
1949;999;3;40;0;1;27;29;31
1950;999;4;39;0;1;0;1;0
1951;1000;0;9;1;1;0;8;0
1952;1000;1;15;1;1;0;12;0
1953;1000;2;15;1;1;0;3;0
1954;1000;3;18;0;1;0;4;0
1955;1000;4;7;1;1;0;1;0
1956;1000;5;18;0;1;0;17;0
1957;1000;6;18;0;0;0;0;0
1958;1001;0;22;0;1;0;21;0
1959;1001;1;23;0;1;3;4;3
1960;1001;2;23;0;1;0;1;0
1961;1001;3;18;1;1;0;1;0
1962;1001;4;18;1;1;0;1;0
1963;1001;5;18;1;1;0;1;0
1964;1001;6;18;1;0;0;0;0
1965;1004;0;37;0;1;0;1;0
1966;1005;0;53;0;1;0;1;0
1967;1006;0;37;0;1;0;0;0
1968;1007;0;53;0;1;0;0;0
1969;1007;1;53;0;1;0;1;0
1970;1008;0;9;1;1;0;6;0
1971;1008;1;14;1;1;0;11;0
1972;1008;2;13;1;1;0;10;0
1973;1008;3;54;0;1;3;15;3
1974;1008;4;14;1;0;0;0;0
1975;1009;0;13;1;1;0;12;0
1976;1009;1;74;0;1;0;1;0
1977;1010;0;22;0;0;0;0;0
1978;1011;0;13;1;1;0;1;0
1979;1012;0;74;0;1;0;0;0
1980;1014;0;7;1;1;0;4;0
1981;1014;1;8;1;1;0;7;0
1982;1014;2;7;1;1;0;1;0
1983;1014;3;62;0;1;44;84;82
1984;1014;4;37;0;1;0;1;0
1985;1015;0;13;1;1;0;0;0
1986;1016;0;22;0;1;17;39;35
1987;1016;1;22;0;1;14;27;24
1988;1016;2;12;1;1;14;17;21
1989;1016;3;12;1;1;0;9;0
1990;1016;4;22;0;0;0;0;0
1991;1017;0;7;1;1;0;0;0
1992;1019;0;9;1;1;0;0;0
1993;1020;0;9;1;0;0;0;0
1994;1021;0;22;0;0;0;0;0
1995;1024;0;58;0;1;0;1;0
1996;1024;1;82;0;1;1;20;1
1997;1024;2;47;0;1;0;1;0
1998;1025;0;39;0;1;0;1;0
1999;1026;0;47;0;1;0;0;0
2000;1027;0;39;0;1;0;0;0
2001;1028;0;9;1;1;1;7;1
2002;1028;1;70;0;1;0;23;0
2003;1028;2;82;0;1;0;26;0
2004;1028;3;82;0;1;0;51;0
2005;1028;4;47;0;1;0;0;0
2006;1030;0;47;0;1;0;0;0
2007;1032;0;10;1;1;0;7;0
2008;1032;1;82;0;1;0;64;0
2009;1034;0;9;1;1;12;12;16
2010;1034;1;9;1;1;7;8;7
2011;1035;0;9;1;1;0;8;0
2012;1035;1;9;1;1;0;8;0
2013;1035;2;9;1;0;0;0;0
2014;1036;0;22;0;0;0;0;0
2015;1039;0;9;1;1;1;7;2
2016;1039;1;70;0;1;0;1;0
2017;1039;2;7;1;1;0;1;0
2018;1039;3;42;0;1;1;11;1
2019;1039;4;47;0;1;0;1;0
2020;1040;0;22;0;1;0;1;0
2021;1040;1;38;1;1;0;1;0
2022;1040;2;38;1;1;1;2;1
2023;1041;0;47;0;1;0;0;0
2024;1042;0;38;1;1;0;0;0
2025;1042;1;47;0;1;0;1;0
2026;1042;2;48;0;1;0;1;0
2027;1042;3;48;0;1;0;1;0
2028;1043;0;9;1;1;0;6;0
2029;1043;1;70;0;1;0;23;0
2030;1043;2;70;0;1;0;28;0
2031;1044;0;18;1;0;0;0;0
2032;1045;0;9;1;1;1;1;0
2033;1045;1;15;1;1;2;1;0
2034;1045;2;15;1;1;6;14;6
2035;1046;0;22;0;1;1;22;2
2036;1046;1;12;1;1;0;1;0
2037;1046;2;12;1;0;0;0;0
2038;1047;0;15;1;1;0;0;0
2039;1049;0;9;1;1;0;6;0
2040;1049;1;14;1;1;0;13;0
2041;1049;2;18;0;1;0;1;0
2042;1050;0;22;0;1;0;3;0
2043;1050;1;27;0;1;0;25;0
2044;1050;2;42;0;1;0;1;0
2045;1050;3;42;0;1;0;1;0
2046;1050;4;42;0;1;0;1;0
2047;1051;0;9;1;1;0;8;0
2048;1051;1;82;0;1;0;81;0
2049;1051;2;106;0;1;0;32;0
2050;1051;3;47;0;1;0;46;0
2051;1052;0;18;0;1;0;0;0
2052;1053;0;42;0;1;0;0;0
2053;1053;1;42;0;1;0;1;0
2054;1053;2;43;0;1;0;1;0
2055;1053;3;43;0;1;0;1;0
2056;1054;0;49;0;1;0;10;0
2057;1055;0;47;0;1;0;0;0
2058;1056;0;49;0;1;0;0;0
2059;1057;0;9;1;1;1;9;2
2060;1057;1;70;0;1;2;25;3
2061;1057;2;9;1;1;0;8;0
2062;1057;3;58;0;1;8;25;13
2063;1057;4;7;1;1;0;6;0
2064;1057;5;37;0;1;0;36;0
2065;1058;0;22;0;1;0;21;0
2066;1059;0;37;0;1;0;0;0
2067;1060;0;22;0;1;0;0;0
2068;1060;1;47;0;1;0;46;0
2069;1060;2;47;0;1;0;1;0
2070;1061;0;82;0;1;1;36;15
2071;1061;1;47;0;1;0;35;0
2072;1062;0;9;1;1;1;8;2
2073;1062;1;9;1;1;0;0;0
2074;1062;2;9;1;1;8;16;17
2075;1062;3;10;1;1;1;9;1
2076;1062;4;10;1;1;2;3;3
2077;1063;0;22;0;1;0;0;0
2078;1063;1;23;0;1;0;0;0
2079;1064;0;10;1;1;0;0;0
2080;1066;0;9;1;1;1;8;1
2081;1066;1;18;0;1;0;1;0
2082;1068;0;18;0;1;0;0;0
2083;1070;0;9;1;1;0;8;0
2084;1070;1;8;1;1;0;7;0
2085;1070;2;9;1;1;0;7;0
2086;1070;3;9;1;1;0;8;0
2087;1070;4;9;1;0;0;0;0
2088;1071;0;22;0;0;0;0;0
2089;1074;0;9;1;1;0;8;0
2090;1074;1;54;0;1;0;33;0
2091;1074;2;9;1;1;0;5;0
2092;1074;3;9;1;1;0;7;0
2093;1074;4;27;0;1;0;1;0
2094;1074;5;9;1;1;2;1;0
2095;1074;6;10;1;1;2;1;1
2096;1075;0;44;0;0;0;0;0
2097;1076;0;10;1;1;0;0;0
2098;1078;0;9;1;1;0;8;0
2099;1078;1;9;1;1;0;6;0
2100;1078;2;54;0;1;5;53;10
2101;1078;3;46;0;1;0;1;0
2102;1079;0;22;0;1;0;1;0
2103;1079;1;12;1;1;0;1;0
2104;1079;2;9;1;1;0;0;0
2105;1080;0;46;0;1;0;0;0
2106;1080;1;38;0;1;0;0;0
2107;1080;2;70;0;1;0;0;0
2108;1080;3;70;0;1;0;0;0
2109;1080;4;70;0;1;0;0;0
2110;1081;0;9;1;1;0;0;0
2111;1081;1;34;0;1;0;0;0
2112;1081;2;34;0;1;0;0;0
2113;1081;3;33;0;1;0;0;0
2114;1081;4;16;1;1;0;0;0
2115;1083;0;9;1;1;0;6;0
2116;1083;1;10;1;1;0;7;0
2117;1083;2;10;1;1;0;7;0
2118;1083;3;70;0;1;0;69;0
2119;1083;4;70;0;1;0;23;0
2120;1083;5;10;1;1;0;0;0
2121;1083;6;10;1;1;0;0;0
2122;1083;7;10;1;1;0;0;0
2123;1083;8;70;0;1;5;25;10
2124;1085;0;70;0;1;0;0;0
2125;1085;1;10;1;1;0;7;0
2126;1085;2;9;1;1;0;6;0
2127;1085;3;9;1;1;1;7;1
2128;1085;4;9;1;1;0;7;0
2129;1085;5;9;1;1;0;7;0
2130;1085;6;9;1;1;0;7;0
2131;1085;7;10;1;1;0;7;0
2132;1085;8;70;0;1;1;15;1
2133;1085;9;22;1;1;0;21;0
2134;1085;10;10;1;1;0;8;0
2135;1085;11;10;1;1;0;8;0
2136;1085;12;58;0;1;7;20;7
2137;1085;13;46;0;1;0;45;0
2138;1085;14;30;0;1;0;29;0
2139;1086;0;12;1;1;0;0;0
2140;1087;0;9;1;0;0;0;0
2141;1088;0;22;0;0;0;0;0
2142;1089;0;9;1;1;0;8;0
2143;1089;1;9;1;1;0;6;0
2144;1089;2;9;1;1;0;7;0
2145;1090;0;22;0;1;0;20;0
2146;1091;0;9;1;1;0;0;0
2147;1091;1;14;1;1;0;0;0
2148;1091;2;9;1;1;0;0;0
2149;1092;0;22;0;1;0;21;0
2150;1092;1;13;1;0;0;0;0
2151;1093;0;9;1;1;0;6;0
2152;1093;1;9;1;1;0;6;0
2153;1093;2;9;1;1;1;7;1
2154;1093;3;10;1;1;1;8;2
2155;1093;4;10;1;1;1;7;2
2156;1093;5;9;1;1;0;6;0
2157;1093;6;9;1;1;0;7;0
2158;1093;7;70;0;1;1;10;0
2159;1093;8;9;1;1;0;6;0
2160;1095;0;9;1;1;0;0;0
2161;1095;1;46;0;1;0;0;0
2162;1095;2;46;0;1;0;0;0
2163;1096;0;19;1;1;2;2;1
2164;1097;0;9;1;1;0;6;0
2165;1098;0;58;0;1;0;8;0
2166;1098;1;74;0;1;0;22;0
2167;1098;2;74;0;1;0;1;0
2168;1098;3;62;0;1;0;1;0
2169;1099;0;58;0;1;0;1;0
2170;1100;0;62;0;1;0;0;0
2171;1101;0;58;0;1;0;0;0
2172;1102;0;22;0;1;0;0;0
2173;1103;0;19;1;1;0;0;0
2174;1103;1;19;1;1;0;1;0
2175;1103;2;20;1;1;0;17;0
2176;1103;3;21;1;1;0;1;0
2177;1103;4;21;1;1;3;4;1
2178;1103;5;21;1;1;0;20;0
2179;1103;6;36;0;1;0;35;0
2180;1103;7;30;1;1;0;29;0
2181;1103;8;30;1;1;0;29;0
2182;1103;9;41;0;1;0;40;0
2183;1103;10;21;1;1;0;20;0
2184;1103;11;41;0;1;0;40;0
2185;1103;12;51;0;1;0;1;0
2186;1103;13;53;0;1;0;1;0
2187;1103;14;52;0;1;0;1;0
2188;1104;0;82;0;1;5;21;4
2189;1104;1;47;0;1;0;1;0
2190;1105;0;14;1;1;0;7;0
2191;1105;1;40;0;1;0;1;0
2192;1105;2;40;0;1;0;1;0
2193;1106;0;47;0;1;0;0;0
2194;1107;0;40;0;1;0;0;0
2195;1108;0;9;1;1;0;5;0
2196;1109;0;9;1;1;0;8;0
2197;1109;1;30;0;1;0;29;0
2198;1109;2;30;0;1;0;17;0
2199;1110;0;61;0;1;0;4;0
2200;1110;1;44;1;1;0;1;0
2201;1110;2;44;1;1;0;1;0
2202;1111;0;9;1;1;0;8;0
2203;1111;1;68;0;1;0;67;0
2204;1111;2;37;0;1;0;1;0
2205;1113;0;37;0;1;0;0;0
2206;1114;0;37;0;1;2;2;2
2207;1114;1;37;0;1;0;1;0
2208;1115;0;9;1;1;0;0;0
2209;1115;1;17;1;1;0;0;0
2210;1115;2;17;1;1;0;0;0
2211;1116;0;22;0;1;9;30;18
2212;1116;1;12;1;0;0;0;0
2213;1117;0;9;1;1;2;7;3
2214;1117;1;47;0;1;0;46;0
2215;1119;0;9;1;1;0;8;0
2216;1119;1;9;1;1;0;8;0
2217;1119;2;15;1;1;2;12;2
2218;1119;3;58;0;1;18;57;18
2219;1119;4;40;0;1;0;39;0
2220;1120;0;23;0;1;0;1;0
2221;1120;1;15;1;1;0;1;0
2222;1120;2;28;1;0;0;0;0
2223;1121;0;18;1;1;0;15;0
2224;1121;1;19;1;1;0;16;0
2225;1121;2;70;0;1;0;23;0
2226;1121;3;90;0;1;0;0;0
2227;1123;0;47;0;1;0;0;0
2228;1125;0;9;1;1;9;13;14
2229;1125;1;9;1;1;0;6;0
2230;1125;2;18;0;1;1;10;0
2231;1128;0;14;1;1;2;3;2
2232;1129;0;18;0;1;0;1;0
2233;1130;0;37;0;1;0;1;0
2234;1131;0;18;0;1;0;0;0
2235;1132;0;37;0;1;0;0;0
2236;1132;1;37;0;1;0;1;0
2237;1133;0;18;0;1;0;0;0
2238;1134;0;14;1;1;0;0;0
2239;1134;1;14;1;1;0;13;0
2240;1134;2;30;1;1;0;1;0
2241;1134;3;37;0;1;0;1;0
2242;1135;0;40;0;1;0;0;0
2243;1137;0;9;1;1;0;8;0
2244;1137;1;9;1;1;1;8;1
2245;1137;2;9;1;1;0;6;0
2246;1137;3;14;1;1;5;16;10
2247;1137;4;14;1;1;0;9;0
2248;1137;5;54;0;1;3;76;26
2249;1137;6;54;0;1;0;5;0
2250;1138;0;22;0;1;0;0;0
2251;1139;0;30;0;1;0;0;0
2252;1140;0;44;1;1;0;0;0
2253;1141;0;58;0;1;0;7;0
2254;1141;1;58;0;1;0;13;0
2255;1141;2;43;0;1;0;1;0
2256;1142;0;48;0;1;0;1;0
2257;1143;0;43;0;1;0;0;0
2258;1144;0;48;0;1;0;0;0
2259;1145;0;9;1;1;0;6;0
2260;1145;1;9;1;1;1;1;0
2261;1145;2;9;1;1;0;5;0
2262;1145;3;15;1;1;4;13;4
2263;1146;0;28;0;1;0;12;0
2264;1147;0;15;1;1;0;0;0
2265;1148;0;28;0;1;0;0;0
2266;1149;0;15;1;1;0;0;0
2267;1150;0;28;0;1;0;0;0
2268;1151;0;9;1;1;0;0;0
2269;1151;1;9;1;1;0;0;0
2270;1151;2;12;1;1;0;0;0
2271;1151;3;12;1;1;0;0;0
2272;1152;0;22;0;1;0;15;0
2273;1152;1;9;1;0;0;0;0
2274;1154;0;9;1;1;0;8;0
2275;1154;1;28;0;1;0;15;0
2276;1154;2;28;0;1;0;27;0
2277;1154;3;39;0;1;0;38;0
2278;1156;0;9;1;1;5;13;10
2279;1157;0;9;1;1;0;8;0
2280;1157;1;10;1;1;0;9;0
2281;1157;2;9;1;1;0;8;0
2282;1157;3;7;1;1;0;4;0
2283;1157;4;9;1;0;0;0;0
2284;1158;0;7;1;1;0;6;0
2285;1159;0;9;1;1;0;6;0
2286;1159;1;82;0;1;0;23;0
2287;1159;2;62;0;1;0;49;0
2288;1159;3;47;0;1;1;47;2
2289;1161;0;47;0;1;0;0;0
2290;1163;0;10;1;1;8;14;13
2291;1163;1;62;0;1;0;61;0
2292;1163;2;11;1;1;0;10;0
2293;1165;0;9;1;1;0;0;0
2294;1165;1;2;1;1;0;0;0
2295;1165;2;2;1;1;0;0;0
2296;1166;0;10;1;1;2;16;9
2297;1166;1;82;0;1;14;30;18
2298;1166;2;7;1;1;0;6;0
2299;1166;3;47;0;1;0;31;0
2300;1167;0;33;0;1;0;25;0
2301;1168;0;47;0;1;0;0;0
2302;1169;0;33;0;1;0;0;0
2303;1170;0;9;1;1;0;1;0
2304;1170;1;22;0;1;0;1;0
2305;1170;2;22;0;1;0;1;0
2306;1170;3;14;1;1;0;1;0
2307;1170;4;19;1;1;0;1;0
2308;1170;5;9;1;1;0;0;0
2309;1171;0;9;1;1;0;8;0
2310;1171;1;9;1;1;0;5;0
2311;1172;0;12;1;0;0;0;0
2312;1173;0;9;1;1;1;16;9
2313;1174;0;22;0;0;0;0;0
2314;1175;0;9;1;1;0;0;0
2315;1177;0;9;1;1;0;6;0
2316;1177;1;9;1;1;0;6;0
2317;1177;2;9;1;1;0;6;0
2318;1177;3;9;1;1;0;6;0
2319;1177;4;9;1;1;0;8;0
2320;1178;0;22;0;1;0;0;0
2321;1179;0;9;1;1;0;0;0
2322;1179;1;3;1;1;0;0;0
2323;1179;2;9;1;1;0;0;0
2324;1179;3;9;1;1;0;0;0
2325;1179;4;9;1;1;0;0;0
2326;1179;5;9;1;1;0;0;0
2327;1179;6;9;1;1;0;0;0
2328;1179;7;10;1;1;0;0;0
2329;1181;0;9;1;1;0;2;0
2330;1181;1;10;1;1;0;7;0
2331;1181;2;10;1;1;0;7;0
2332;1181;3;10;1;1;0;7;0
2333;1181;4;10;1;1;0;7;0
2334;1181;5;10;1;1;0;7;0
2335;1181;6;10;1;1;0;7;0
2336;1181;7;10;1;1;0;7;0
2337;1181;8;10;1;1;0;1;0
2338;1183;0;10;1;1;0;0;0
2339;1183;1;10;1;1;0;0;0
2340;1183;2;10;1;1;0;0;0
2341;1183;3;10;1;1;0;0;0
2342;1183;4;10;1;1;0;0;0
2343;1183;5;10;1;1;0;0;0
2344;1184;0;22;0;1;0;0;0
2345;1185;0;9;1;1;0;0;0
2346;1185;1;9;1;1;1;7;1
2347;1185;2;9;1;1;0;0;0
2348;1186;0;22;0;1;0;1;0
2349;1187;0;9;1;1;7;8;7
2350;1188;0;9;1;1;0;1;0
2351;1188;1;18;0;1;0;1;0
2352;1188;2;18;0;1;0;1;0
2353;1189;0;22;0;1;0;1;0
2354;1189;1;12;1;1;0;9;0
2355;1190;0;11;1;1;0;0;0
2356;1192;0;18;0;1;2;19;4
2357;1194;0;18;0;1;0;0;0
2358;1195;0;28;1;1;0;1;0
2359;1195;1;28;1;1;0;1;0
2360;1195;2;28;1;1;0;1;0
2361;1195;3;34;1;1;10;5;6
2362;1195;4;28;1;1;0;1;0
2363;1195;5;28;1;1;0;1;0
2364;1195;6;34;1;1;0;1;0
2365;1195;7;43;1;1;0;16;0
2366;1195;8;43;0;1;0;1;0
2367;1196;0;9;1;1;0;8;0
2368;1196;1;10;1;1;0;7;0
2369;1196;2;10;1;0;0;0;0
2370;1197;0;9;1;1;0;0;0
2371;1199;0;22;0;1;0;21;0
2372;1199;1;23;0;1;0;21;0
2373;1199;2;30;0;0;0;0;0
2374;1202;0;9;1;1;0;0;0
2375;1203;0;22;0;1;0;3;0
2376;1203;1;22;0;0;0;0;0
2377;1204;0;9;1;1;0;0;0
2378;1206;0;7;1;1;0;5;0
2379;1206;1;47;0;1;14;63;31
2380;1207;0;37;0;1;9;38;12
2381;1207;1;39;0;1;0;1;0
2382;1208;0;47;0;1;0;0;0
2383;1209;0;39;0;1;0;0;0
2384;1209;1;39;0;1;0;1;0
2385;1210;0;9;1;1;0;8;0
2386;1211;0;9;1;0;0;0;0
2387;1212;0;22;0;0;0;0;0
2388;1213;0;9;1;1;0;8;0
2389;1213;1;9;1;1;0;6;0
2390;1214;0;22;0;1;0;6;0
2391;1215;0;9;1;1;0;7;0
2392;1215;1;70;0;1;0;22;0
2393;1215;2;82;0;1;0;6;0
2394;1216;0;22;0;1;0;0;0
2395;1216;1;19;1;0;0;0;0
2396;1217;0;9;1;1;1;9;5
2397;1218;0;9;1;0;0;0;0
2398;1219;0;9;1;0;0;0;0
2399;1220;0;9;1;1;0;8;0
2400;1220;1;82;0;1;3;3;3
2401;1220;2;182;0;1;0;0;0
2402;1221;0;43;0;0;0;0;0
2403;1222;0;182;0;1;0;0;0
2404;1222;1;114;0;1;0;2;0
2405;1224;0;114;0;1;0;1;0
2406;1224;1;114;0;1;0;1;0
2407;1224;2;114;0;1;0;1;0
2408;1224;3;114;0;0;0;0;0
2409;1225;0;103;0;1;0;1;0
2410;1225;1;103;0;0;0;0;0
2411;1228;0;114;0;1;0;1;0
2412;1229;0;103;0;1;0;1;0
2413;1230;0;9;1;1;0;1;0
2414;1231;0;22;0;1;0;1;0
2415;1232;0;9;1;1;0;0;0
2416;1233;0;22;0;1;0;0;0
2417;1234;0;58;0;1;0;20;0
2418;1234;1;37;0;1;0;36;0
2419;1236;0;9;1;1;0;4;0
2420;1236;1;70;0;1;0;69;0
2421;1237;0;10;1;1;0;9;0
2422;1237;1;10;1;1;0;9;0
2423;1237;2;22;0;1;0;21;0
2424;1238;0;70;0;1;0;0;0
2425;1239;0;22;0;1;0;0;0
2426;1240;0;9;1;1;0;6;0
2427;1241;0;22;0;1;0;21;0
2428;1241;1;17;1;1;10;18;19
2429;1241;2;17;1;1;0;1;0
2430;1241;3;23;0;1;0;1;0
2431;1242;0;9;1;1;0;2;0
2432;1243;0;23;0;1;0;0;0
2433;1244;0;9;1;1;1;14;7
2434;1244;1;9;1;0;0;0;0
2435;1245;0;9;1;1;0;0;0
2436;1245;1;74;0;1;0;0;0
2437;1245;2;74;0;1;0;0;0
2438;1246;0;22;0;1;2;17;4
2439;1246;1;12;1;1;0;1;0
2440;1246;2;13;1;0;0;0;0
2441;1247;0;9;1;1;0;8;0
2442;1247;1;9;1;1;0;8;0
2443;1247;2;14;1;1;0;13;0
2444;1247;3;7;1;1;0;6;0
2445;1247;4;7;1;1;1;4;1
2446;1247;5;7;1;1;0;6;0
2447;1247;6;10;1;1;0;9;0
2448;1247;7;10;1;1;0;0;0
2449;1248;0;9;1;1;0;0;0
2450;1248;1;70;0;1;0;0;0
2451;1248;2;10;1;1;0;0;0
2452;1248;3;9;1;1;0;0;0
2453;1249;0;22;0;1;0;21;0
2454;1249;1;20;1;1;0;12;0
2455;1251;0;20;1;1;0;0;0
2456;1252;0;7;1;1;0;6;0
2457;1252;1;10;1;1;0;8;0
2458;1252;2;74;0;1;0;18;0
2459;1253;0;49;0;0;0;0;0
2460;1254;0;74;0;1;0;0;0
2461;1256;0;9;1;1;0;6;0
2462;1256;1;9;1;1;0;6;0
2463;1256;2;10;1;1;0;7;0
2464;1256;3;70;0;1;0;9;0
2465;1257;0;9;1;1;1;8;1
2466;1257;1;14;1;1;0;0;0
2467;1258;0;18;1;1;0;17;0
2468;1258;1;18;1;1;0;0;0
2469;1259;0;70;0;1;0;0;0
2470;1260;0;18;1;1;0;0;0
2471;1261;0;9;1;1;1;8;1
2472;1261;1;14;1;1;0;13;0
2473;1261;2;17;1;1;1;16;1
2474;1261;3;17;1;1;0;16;0
2475;1262;0;22;0;1;0;10;0
2476;1262;1;41;0;1;0;1;0
2477;1263;0;11;1;1;1;9;1
2478;1263;1;82;0;1;1;55;1
2479;1263;2;11;1;1;0;0;0
2480;1263;3;82;0;1;15;31;18
2481;1263;4;82;0;1;1;16;1
2482;1263;5;8;1;1;1;7;1
2483;1263;6;82;0;1;0;53;0
2484;1264;0;17;1;1;0;0;0
2485;1265;0;41;0;1;0;0;0
2486;1266;0;13;1;1;0;1;0
2487;1266;1;13;1;1;0;1;0
2488;1266;2;29;0;1;0;1;0
2489;1266;3;13;1;1;0;1;0
2490;1266;4;14;1;1;2;1;0
2491;1266;5;34;0;1;0;1;0
2492;1266;6;34;0;1;0;1;0
2493;1267;0;10;1;1;0;9;0
2494;1267;1;64;0;1;10;16;11
2495;1267;2;74;0;1;23;33;31
2496;1267;3;74;0;1;0;16;0
2497;1267;4;10;1;1;1;8;1
2498;1267;5;42;1;1;10;27;12
2499;1267;6;45;1;1;9;29;11
2500;1267;7;35;1;1;1;34;1
2501;1267;8;15;1;1;4;1;0
2502;1267;9;35;1;1;4;1;0
2503;1267;10;60;1;1;36;36;36
2504;1267;11;15;1;1;1;1;0
2505;1267;12;47;0;1;0;1;0
2506;1267;13;15;1;1;1;1;0
2507;1267;14;42;0;1;1;1;0
2508;1267;15;47;0;1;0;1;0
2509;1268;0;9;1;1;1;9;2
2510;1269;0;22;0;1;0;4;0
2511;1270;0;9;1;1;7;13;12
2512;1270;1;10;1;1;3;7;3
2513;1270;2;7;1;1;0;5;0
2514;1271;0;22;0;1;0;18;0
2515;1271;1;23;0;1;0;21;0
2516;1271;2;23;0;0;0;0;0
2517;1272;0;7;1;1;0;0;0
2518;1274;0;9;1;1;2;10;4
2519;1275;0;22;0;1;0;21;0
2520;1276;0;9;1;1;0;0;0
2521;1277;0;22;0;1;0;0;0
2522;1278;0;10;1;1;0;1;0
2523;1278;1;15;1;1;0;1;0
2524;1278;2;47;0;1;0;1;0
2525;1279;0;22;0;1;0;0;0
2526;1280;0;114;0;1;0;0;0
2527;1281;0;103;0;1;0;0;0
2528;1282;0;9;1;1;4;31;27
2529;1283;0;9;1;1;0;0;0
2530;1283;1;10;1;1;2;18;11
2531;1283;2;10;1;0;0;0;0
2532;1284;0;23;0;0;0;0;0
2533;1288;0;88;0;1;0;25;0
2534;1288;1;73;0;1;0;72;0
2535;1292;0;73;0;1;0;0;0
2536;1293;0;35;0;1;0;0;0
2537;1294;0;73;0;1;0;0;0
2538;1295;0;35;0;1;0;0;0
2539;1296;0;9;1;1;1;9;2
2540;1296;1;10;1;1;1;8;1
2541;1297;0;9;1;1;0;0;0
2542;1297;1;9;1;1;0;0;0
2543;1297;2;9;1;1;0;0;0
2544;1298;0;11;1;1;0;10;0
2545;1298;1;13;1;1;0;12;0
2546;1298;2;32;0;0;0;0;0
2547;1299;0;9;1;1;0;8;0
2548;1299;1;10;1;1;0;9;0
2549;1299;2;9;1;1;0;7;0
2550;1299;3;10;1;1;0;7;0
2551;1299;4;74;0;0;0;0;0
2552;1300;0;29;0;1;0;11;0
2553;1300;1;37;1;0;0;0;0
2554;1303;0;9;1;0;0;0;0
2555;1304;0;9;1;1;0;8;0
2556;1304;1;9;1;1;0;0;0
2557;1304;2;10;1;1;0;7;0
2558;1304;3;82;0;1;0;81;0
2559;1304;4;82;0;1;0;46;0
2560;1305;0;22;0;1;0;21;0
2561;1305;1;17;1;1;0;5;0
2562;1306;0;82;0;1;20;56;23
2563;1307;0;17;1;1;0;0;0
2564;1309;0;8;1;1;0;0;0
2565;1310;0;9;1;1;0;7;0
2566;1310;1;58;0;1;0;57;0
2567;1310;2;58;0;1;0;39;0
2568;1311;0;9;1;1;0;6;0
2569;1311;1;9;1;1;0;6;0
2570;1311;2;9;1;1;1;14;7
2571;1311;3;9;1;1;2;8;2
2572;1312;0;9;1;1;0;6;0
2573;1312;1;14;1;1;0;13;0
2574;1312;2;14;1;1;0;7;0
2575;1314;0;26;1;0;0;0;0
2576;1315;0;82;0;1;0;62;0
2577;1315;1;47;0;1;0;46;0
2578;1317;0;44;0;1;0;43;0
2579;1318;0;47;0;1;0;0;0
2580;1319;0;44;0;1;0;0;0
2581;1320;0;9;1;1;0;6;0
2582;1320;1;10;1;1;0;7;0
2583;1321;0;12;1;0;0;0;0
2584;1322;0;10;1;1;0;0;0
2585;1324;0;37;0;1;0;1;0
2586;1325;0;9;1;0;0;0;0
2587;1326;0;18;0;0;0;0;0
2588;1327;0;11;1;1;0;10;0
2589;1327;1;11;1;0;0;0;0
2590;1330;0;9;1;1;0;7;0
2591;1330;1;10;1;1;0;2;0
2592;1330;2;10;1;1;0;1;0
2593;1330;3;82;0;1;0;1;0
2594;1330;4;82;0;1;0;2;0
2595;1330;5;82;0;1;5;1;0
2596;1332;0;22;0;1;5;17;5
2597;1332;1;22;0;1;17;8;12
2598;1332;2;17;1;1;0;2;0
2599;1332;3;23;0;1;0;1;0
2600;1334;0;23;0;1;0;0;0
2601;1335;0;9;1;0;0;0;0
2602;1336;0;9;1;1;0;0;0
2603;1337;0;9;1;1;0;6;0
2604;1337;1;10;1;1;0;7;0
2605;1338;0;22;0;0;0;0;0
2606;1339;0;9;1;1;0;6;0
2607;1339;1;9;1;1;0;2;0
2608;1340;0;22;0;1;0;21;0
2609;1341;0;9;1;1;0;0;0
2610;1341;1;9;1;1;0;0;0
2611;1341;2;8;1;1;0;0;0
2612;1341;3;17;1;1;0;0;0
2613;1341;4;79;0;1;0;0;0
2614;1341;5;79;0;1;0;0;0
2615;1341;6;79;0;1;0;0;0
2616;1341;7;79;0;1;0;0;0
2617;1341;8;22;1;1;0;0;0
2618;1341;9;70;0;1;0;0;0
2619;1341;10;78;0;1;0;0;0
2620;1341;11;10;1;1;0;0;0
2621;1341;12;16;1;1;0;0;0
2622;1341;13;80;0;1;0;0;0
2623;1341;14;40;0;1;0;0;0
2624;1342;0;22;0;1;0;21;0
2625;1342;1;22;0;1;0;2;0
2626;1342;2;5;1;1;0;4;0
2627;1342;3;23;0;1;0;1;0
2628;1342;4;33;0;1;0;1;0
2629;1343;0;71;0;1;0;0;0
2630;1343;1;71;0;1;4;14;6
2631;1343;2;76;0;1;0;1;0
2632;1343;3;66;0;1;0;1;0
2633;1343;4;55;0;1;0;1;0
2634;1344;0;33;0;1;0;0;0
2635;1344;1;15;1;1;0;0;0
2636;1344;2;33;0;1;0;0;0
2637;1344;3;33;0;1;0;0;0
2638;1344;4;33;0;1;0;0;0
2639;1344;5;17;1;1;0;0;0
2640;1346;0;26;0;1;0;1;0
2641;1346;1;26;0;1;0;15;0
2642;1346;2;30;0;1;0;1;0
2643;1346;3;30;0;1;0;1;0
2644;1346;4;30;0;1;0;1;0
2645;1346;5;16;1;1;0;15;0
2646;1346;6;16;1;1;2;3;2
2647;1346;7;17;1;1;2;5;3
2648;1346;8;16;1;1;1;2;1
2649;1346;9;18;1;1;0;3;0
2650;1346;10;18;1;1;0;3;0
2651;1346;11;16;1;1;0;2;0
2652;1346;12;17;1;1;0;2;0
2653;1346;13;37;0;1;5;16;7
2654;1346;14;38;0;1;0;1;0
2655;1346;15;38;0;0;0;0;0
2656;1349;0;9;1;1;1;8;1
2657;1349;1;58;0;1;0;21;0
2658;1349;2;37;0;1;0;36;0
2659;1351;0;37;0;1;0;0;0
2660;1352;0;37;0;1;0;0;0
2661;1355;0;9;1;1;1;8;3
2662;1355;1;70;0;1;0;21;0
2663;1355;2;58;0;1;0;18;0
2664;1355;3;46;0;1;4;49;8
2665;1355;4;46;0;1;10;34;17
2666;1355;5;37;0;1;0;36;0
2667;1356;0;22;0;1;0;0;0
2668;1357;0;82;0;1;14;28;16
2669;1357;1;47;0;1;0;17;0
2670;1358;0;41;0;0;0;0;0
2671;1359;0;47;0;1;0;0;0
2672;1361;0;9;1;1;1;8;1
2673;1361;1;9;1;1;0;7;0
2674;1361;2;26;0;0;0;0;0
2675;1362;0;22;0;1;0;21;0
2676;1362;1;22;1;1;0;1;0
2677;1362;2;22;0;1;0;1;0
2678;1362;3;22;1;0;0;0;0
2679;1365;0;9;1;1;0;6;0
2680;1365;1;9;1;1;0;6;0
2681;1365;2;9;1;1;0;6;0
2682;1365;3;46;0;1;0;45;0
2683;1365;4;10;1;1;0;7;0
2684;1365;5;46;0;1;0;45;0
2685;1366;0;22;0;1;0;21;0
2686;1367;0;46;0;1;0;0;0
2687;1368;0;22;0;1;0;0;0
2688;1369;0;9;1;1;1;7;1
2689;1369;1;9;1;1;0;8;0
2690;1369;2;9;1;1;0;6;0
2691;1370;0;22;0;1;1;29;9
2692;1370;1;33;0;1;0;26;0
2693;1370;2;23;1;1;0;22;0
2694;1370;3;23;1;0;0;0;0
2695;1371;0;9;1;1;0;0;0
2696;1373;0;9;1;0;0;0;0
2697;1374;0;7;1;1;1;3;0
2698;1374;1;37;0;1;0;1;0
2699;1375;0;22;0;1;0;0;0
2700;1376;0;37;0;1;0;0;0
2701;1378;0;9;1;1;1;8;1
2702;1378;1;10;1;1;0;9;0
2703;1379;0;82;0;1;0;26;0
2704;1379;1;47;0;1;0;35;0
2705;1380;0;33;0;1;0;1;0
2706;1381;0;47;0;1;0;0;0
2707;1382;0;33;0;1;0;0;0
2708;1382;1;33;0;1;3;28;5
2709;1382;2;33;0;1;0;27;0
2710;1383;0;9;1;1;0;6;0
2711;1383;1;10;1;1;0;5;0
2712;1383;2;82;0;1;0;25;0
2713;1383;3;82;0;1;6;26;6
2714;1383;4;82;0;1;0;0;0
2715;1384;0;22;0;1;0;0;0
2716;1385;0;10;1;1;0;0;0
2717;1387;0;9;1;1;0;6;0
2718;1387;1;15;1;1;2;12;2
2719;1387;2;69;0;1;0;1;0
2720;1389;0;12;1;1;1;12;2
2721;1389;1;33;0;1;0;15;0
2722;1389;2;33;0;1;0;1;0
2723;1389;3;15;1;1;0;1;0
2724;1389;4;30;1;1;0;1;0
2725;1389;5;33;0;1;0;1;0
2726;1389;6;33;0;1;0;1;0
2727;1389;7;33;0;1;0;1;0
2728;1389;8;33;0;1;0;1;0
2729;1389;9;39;0;1;0;1;0
2730;1390;0;9;1;1;0;6;0
2731;1390;1;70;0;1;0;69;0
2732;1390;2;9;1;1;0;8;0
2733;1390;3;8;1;1;0;7;0
2734;1390;4;9;1;1;0;3;0
2735;1390;5;9;1;1;0;6;0
2736;1390;6;10;1;1;0;8;0
2737;1390;7;10;1;1;0;7;0
2738;1390;8;9;1;0;0;0;0
2739;1391;0;9;1;1;2;6;2
2740;1391;1;9;1;1;0;8;0
2741;1391;2;15;1;1;0;12;0
2742;1391;3;16;1;1;0;0;0
2743;1392;0;22;0;1;0;15;0
2744;1393;0;16;1;1;0;0;0
2745;1394;0;22;0;1;0;0;0
2746;1395;0;9;1;1;0;0;0
2747;1396;0;14;1;1;0;11;0
2748;1396;1;42;0;1;0;13;0
2749;1396;2;37;0;1;5;41;10
2750;1397;0;9;1;1;19;21;32
2751;1397;1;9;1;1;0;6;0
2752;1398;0;9;1;1;0;0;0
2753;1399;0;40;0;1;0;23;0
2754;1400;0;65;0;1;0;0;0
2755;1401;0;40;0;1;0;0;0
2756;1402;0;9;1;1;2;8;2
2757;1402;1;18;0;1;0;17;0
2758;1403;0;22;0;1;0;0;0
2759;1404;0;9;1;1;0;6;0
2760;1404;1;70;0;1;0;46;0
2761;1405;0;22;0;1;0;0;0
2762;1405;1;23;0;1;0;0;0
2763;1406;0;70;0;1;0;0;0
2764;1407;0;32;0;1;0;0;0
2765;1408;0;9;1;1;0;7;0
2766;1408;1;15;1;1;0;0;0
2767;1409;0;9;1;1;0;6;0
2768;1410;0;9;1;1;0;0;0
2769;1410;1;9;1;1;0;0;0
2770;1411;0;22;0;0;0;0;0
2771;1412;0;3;1;1;0;0;0
2772;1414;0;22;0;1;0;18;0
2773;1414;1;22;0;1;0;20;0
2774;1414;2;12;1;1;0;11;0
2775;1415;0;9;1;1;0;0;0
2776;1416;0;12;1;1;0;0;0
2777;1416;1;26;0;1;0;0;0
2778;1417;0;9;1;1;0;1;0
2779;1417;1;10;1;1;1;2;0
2780;1417;2;62;0;1;1;16;1
2781;1417;3;62;0;0;0;0;0
2782;1418;0;22;0;1;0;0;0
2783;1419;0;62;0;1;0;3;0
2784;1419;1;66;0;1;0;2;0
2785;1420;0;25;1;1;0;1;0
2786;1420;1;33;0;1;0;1;0
2787;1420;2;36;0;1;1;23;1
2788;1420;3;39;0;1;0;2;0
2789;1421;0;9;1;1;0;8;0
2790;1421;1;9;1;1;0;8;0
2791;1421;2;10;1;1;0;7;0
2792;1421;3;9;1;0;0;0;0
2793;1422;0;22;0;1;0;0;0
2794;1423;0;9;1;1;0;8;0
2795;1423;1;9;1;0;0;0;0
2796;1425;0;22;0;1;1;42;22
2797;1426;0;9;1;1;0;6;0
2798;1426;1;42;0;1;0;13;0
2799;1426;2;37;0;1;0;36;0
2800;1427;0;23;0;1;0;8;0
2801;1427;1;60;0;1;0;59;0
2802;1428;0;9;1;1;0;0;0
2803;1428;1;9;1;1;0;0;0
2804;1428;2;9;1;1;0;0;0
2805;1428;3;10;1;1;0;0;0
2806;1429;0;9;1;1;0;7;0
2807;1429;1;10;1;1;0;7;0
2808;1429;2;10;1;1;0;8;0
2809;1430;0;9;1;1;0;0;0
2810;1430;1;9;1;1;0;0;0
2811;1431;0;37;0;1;0;0;0
2812;1432;0;60;0;1;0;0;0
2813;1433;0;9;1;1;0;0;0
2814;1433;1;9;1;1;0;0;0
2815;1434;0;9;1;0;0;0;0
2816;1435;0;9;1;1;1;9;2
2817;1435;1;9;1;1;0;8;0
2818;1435;2;9;1;1;0;8;0
2819;1436;0;47;0;1;0;46;0
2820;1437;0;35;0;0;0;0;0
2821;1438;0;47;0;1;1;1;0
2822;1439;0;35;0;1;0;1;0
2823;1440;0;9;1;1;2;8;2
2824;1440;1;9;1;1;0;6;0
2825;1440;2;58;0;0;0;0;0
2826;1441;0;10;1;1;0;7;0
2827;1441;1;82;0;1;0;81;0
2828;1441;2;47;0;1;0;46;0
2829;1442;0;13;1;1;0;12;0
2830;1442;1;39;0;1;0;38;0
2831;1443;0;22;0;0;0;0;0
2832;1444;0;47;0;1;0;0;0
2833;1445;0;39;0;1;0;0;0
2834;1447;0;38;0;1;0;0;0
2835;1448;0;70;0;0;0;0;0
2836;1449;0;38;0;0;0;0;0
2837;1452;0;58;0;1;0;1;0
2838;1453;0;33;0;1;0;1;0
2839;1454;0;58;0;1;0;0;0
2840;1455;0;33;0;1;0;0;0
2841;1456;0;9;1;1;0;7;0
2842;1456;1;70;0;1;0;34;0
2843;1456;2;82;0;1;0;81;0
2844;1456;3;47;0;1;0;1;0
2845;1457;0;22;0;1;0;1;0
2846;1458;0;47;0;1;0;0;0
2847;1459;0;22;0;1;0;0;0
2848;1459;1;12;1;1;2;1;0
2849;1459;2;33;0;1;0;1;0
2850;1460;0;9;1;1;0;0;0
2851;1460;1;9;1;1;0;7;0
2852;1460;2;9;1;1;0;0;0
2853;1461;0;12;1;0;0;0;0
2854;1462;0;9;1;1;0;0;0
2855;1464;0;70;0;1;6;22;6
2856;1464;1;82;0;1;0;0;0
2857;1464;2;82;0;1;0;23;0
2858;1464;3;82;0;1;6;24;6
2859;1464;4;88;0;1;2;48;2
2860;1465;0;18;0;1;0;10;0
2861;1467;0;9;1;1;0;0;0
2862;1467;1;9;1;1;0;0;0
2863;1467;2;9;1;1;0;0;0
2864;1467;3;9;1;1;0;0;0
2865;1467;4;10;1;1;0;0;0
2866;1468;0;9;1;1;0;6;0
2867;1468;1;10;1;1;1;8;1
2868;1468;2;16;1;1;5;16;6
2869;1468;3;17;1;1;0;12;0
2870;1468;4;17;1;1;4;15;4
2871;1468;5;77;0;1;4;80;8
2872;1469;0;22;0;1;0;21;0
2873;1470;0;22;0;1;0;0;0
2874;1470;1;18;1;1;0;0;0
2875;1470;2;12;1;1;0;0;0
2876;1470;3;12;1;1;0;0;0
2877;1470;4;12;1;1;0;0;0
2878;1470;5;25;0;1;0;0;0
2879;1473;0;77;0;1;0;0;0
2880;1474;0;22;0;1;0;0;0
2881;1475;0;9;1;1;0;8;0
2882;1475;1;10;1;1;0;9;0
2883;1475;2;22;0;1;0;21;0
2884;1477;0;22;0;1;0;0;0
2885;1479;0;9;1;1;0;8;0
2886;1479;1;15;1;1;0;2;0
2887;1480;0;10;1;1;3;8;3
2888;1480;1;82;0;1;1;19;1
2889;1480;2;62;0;1;0;1;0
2890;1480;3;62;0;1;4;28;4
2891;1480;4;47;0;1;0;1;0
2892;1481;0;14;1;1;2;13;4
2893;1481;1;42;0;1;4;18;6
2894;1481;2;37;0;1;0;36;0
2895;1482;0;12;1;0;0;0;0
2896;1483;0;9;1;1;1;8;1
2897;1483;1;9;1;1;0;0;0
2898;1483;2;9;1;1;0;0;0
2899;1483;3;9;1;1;6;10;8
2900;1483;4;9;1;1;0;6;0
2901;1483;5;9;1;1;0;6;0
2902;1483;6;9;1;1;0;6;0
2903;1484;0;37;0;1;0;0;0
2904;1485;0;12;1;1;0;11;0
2905;1485;1;39;0;1;15;70;47
2906;1485;2;39;0;1;0;36;0
2907;1486;0;70;0;1;0;20;0
2908;1486;1;62;0;1;5;21;5
2909;1486;2;62;0;1;1;62;2
2910;1487;0;14;1;0;0;0;0
2911;1488;0;62;0;1;0;0;0
2912;1490;0;9;1;1;16;24;32
2913;1490;1;10;1;1;2;2;2
2914;1490;2;82;0;1;2;1;0
2915;1490;3;82;0;1;0;1;0
2916;1490;4;82;0;0;0;0;0
2917;1491;0;34;0;1;0;1;0
2918;1491;1;34;0;1;1;1;0
2919;1491;2;46;0;1;1;1;0
2920;1491;3;49;0;0;0;0;0
2921;1494;0;9;1;0;0;0;0
2922;1495;0;9;1;1;12;17;21
2923;1495;1;10;1;1;0;7;0
2924;1495;2;58;0;1;0;24;0
2925;1495;3;82;0;1;0;49;0
2926;1495;4;47;0;1;0;46;0
2927;1496;0;23;0;1;0;16;0
2928;1496;1;23;0;1;3;17;4
2929;1496;2;23;0;1;0;19;0
2930;1497;0;9;1;1;0;0;0
2931;1497;1;9;1;1;0;0;0
2932;1498;0;22;0;1;0;21;0
2933;1499;0;9;1;1;1;1;1
2934;1499;1;82;0;1;0;1;0
2935;1499;2;47;0;1;0;1;0
2936;1500;0;22;0;1;0;1;0
2937;1500;1;32;0;1;0;1;0
2938;1501;0;47;0;1;0;0;0
2939;1502;0;32;0;1;0;0;0
2940;1503;0;58;0;1;0;1;0
2941;1503;1;58;0;1;0;15;0
2942;1503;2;46;0;1;1;57;24
2943;1503;3;37;0;1;0;1;0
2944;1503;4;37;0;0;0;0;0
2945;1504;0;14;1;1;0;0;0
2946;1505;0;9;1;1;11;17;20
2947;1505;1;9;1;1;4;7;4
2948;1505;2;9;1;1;0;4;0
2949;1505;3;9;1;0;0;0;0
2950;1507;0;14;1;1;0;1;0
2951;1507;1;37;0;1;0;1;0
2952;1509;0;12;1;0;0;0;0
2953;1510;0;9;1;1;1;7;1
2954;1510;1;9;1;1;0;6;0
2955;1510;2;18;0;1;0;17;0
