codeRunId,runScore,nextRunScore,deltaRunScore
1,0,0,0
2,0,0,0
3,0,,
4,0,0,0
5,0,1,1
6,1,1,0
7,1,,
8,0,,
9,1,,
10,4,,
11,4,4,0
12,4,,
13,0,0,0
14,0,1,1
15,1,4,3
16,4,4,0
17,4,,
18,4,,
19,0,0,0
20,0,2,2
21,2,2,0
22,2,4,2
23,4,,
24,4,,
25,1,2,1
26,2,,
27,4,,
28,2,,
29,0,1,1
30,1,4,3
31,4,,
32,0,1,1
33,1,1,0
34,1,,
35,4,,
36,1,1,0
37,1,,
38,0,1,1
39,1,1,0
40,1,1,0
41,1,,
42,0,0,0
43,0,0,0
44,0,,
45,0,0,0
46,0,1,1
47,1,1,0
48,1,1,0
49,1,1,0
50,1,,
51,0,,
52,0,0,0
53,0,0,0
54,0,,
55,0,0,0
56,0,,
57,0,,
58,1,4,3
59,4,4,0
60,4,,
61,0,,
62,4,,
63,0,1,1
64,1,2,1
65,2,,
66,0,1,1
67,1,1,0
68,1,1,0
69,1,1,0
70,1,,
71,0,1,1
72,1,1,0
73,1,1,0
74,1,1,0
75,1,,
76,0,,
77,1,,
78,1,,
79,0,1,1
80,1,1,0
81,1,,
82,0,0,0
83,0,,
84,1,1,0
85,1,1,0
86,1,4,3
87,4,,
88,1,3,2
89,3,4,1
90,4,,
91,0,,
92,0,0,0
93,0,1,1
94,1,1,0
95,1,1,0
96,1,,
97,1,1,0
98,1,,
99,0,0,0
100,0,0,0
101,0,,
102,0,0,0
103,0,,
104,0,,
105,0,0,0
106,0,1,1
107,1,,
108,0,1,1
109,1,0,-1
110,0,,
111,0,1,1
112,1,,
113,0,,
114,1,,
115,0,1,1
116,1,4,3
117,4,4,0
118,4,,
119,0,0,0
120,0,4,4
121,4,,
122,4,,
123,4,,
124,0,1,1
125,1,1,0
126,1,,
127,0,0,0
128,0,,
129,0,,
130,0,,
131,0,,
132,0,,
133,0,1,1
134,1,1,0
135,1,1,0
136,1,4,3
137,4,,
138,1,,
139,1,4,3
140,4,4,0
141,4,,
142,0,4,4
143,4,,
144,0,1,1
145,1,1,0
146,1,1,0
147,1,1,0
148,1,1,0
149,1,2,1
150,2,,
151,2,,
152,0,0,0
153,0,,
154,0,1,1
155,1,1,0
156,1,,
157,1,,
158,0,,
159,0,1,1
160,1,,
161,0,1,1
162,1,0,-1
163,0,1,1
164,1,1,0
165,1,4,3
166,4,,
167,0,,
168,0,,
169,4,,
170,0,0,0
171,0,1,1
172,1,,
173,1,4,3
174,4,,
175,1,1,0
176,1,,
177,4,,
178,1,1,0
179,1,1,0
180,1,4,3
181,4,,
182,0,,
183,0,,
184,4,,
185,1,,
186,0,,
187,0,0,0
188,0,,
189,1,1,0
190,1,4,3
191,4,,
192,0,0,0
193,0,1,1
194,1,0,-1
195,0,3,3
196,3,3,0
197,3,3,0
198,3,4,1
199,4,,
200,0,0,0
201,0,,
202,0,,
203,0,,
204,0,1,1
205,1,1,0
206,1,1,0
207,1,1,0
208,1,1,0
209,1,,
210,1,4,3
211,4,,
212,0,0,0
213,0,0,0
214,0,0,0
215,0,0,0
216,0,,
217,0,1,1
218,1,1,0
219,1,2,1
220,2,4,2
221,4,,
222,0,0,0
223,0,,
224,4,,
225,0,,
226,0,0,0
227,0,,
228,0,,
229,0,0,0
230,0,1,1
231,1,1,0
232,1,,
233,0,0,0
234,0,,
235,1,1,0
236,1,2,1
237,2,1,-1
238,1,2,1
239,2,1,-1
240,1,1,0
241,1,,
242,2,,
243,1,,
244,0,1,1
245,1,2,1
246,2,1,-1
247,1,,
248,1,,
249,0,,
250,0,1,1
251,1,1,0
252,1,,
253,1,1,0
254,1,4,3
255,4,,
256,2,2,0
257,2,,
258,0,0,0
259,0,1,1
260,1,4,3
261,4,,
262,0,,
263,0,0,0
264,0,0,0
265,0,1,1
266,1,0,-1
267,0,1,1
268,1,1,0
269,1,2,1
270,2,,
271,1,2,1
272,2,1,-1
273,1,1,0
274,1,1,0
275,1,0,-1
276,0,1,1
277,1,0,-1
278,0,4,4
279,4,,
280,0,0,0
281,0,0,0
282,0,0,0
283,0,0,0
284,0,0,0
285,0,0,0
286,0,0,0
287,0,0,0
288,0,0,0
289,0,1,1
290,1,,
291,2,,
292,1,,
293,0,0,0
294,0,0,0
295,0,,
296,0,,
297,0,1,1
298,1,1,0
299,1,1,0
300,1,1,0
301,1,,
302,1,0,-1
303,0,,
304,0,0,0
305,0,,
306,0,0,0
307,0,0,0
308,0,,
309,0,,
310,0,,
311,0,,
312,1,1,0
313,1,1,0
314,1,2,1
315,2,,
316,2,4,2
317,4,,
318,0,,
319,2,4,2
320,4,,
321,1,1,0
322,1,2,1
323,2,,
324,4,,
325,4,,
326,0,1,1
327,1,4,3
328,4,,
329,0,0,0
330,0,,
331,0,,
332,0,,
333,0,,
334,0,,
335,0,4,4
336,4,,
337,4,,
338,0,0,0
339,0,2,2
340,2,,
341,4,,
342,4,,
343,0,0,0
344,0,0,0
345,0,,
346,0,1,1
347,1,,
348,0,1,1
349,1,1,0
350,1,4,3
351,4,,
352,0,0,0
353,0,0,0
354,0,,
355,0,1,1
356,1,,
357,4,,
358,1,1,0
359,1,2,1
360,2,,
361,4,,
362,1,0,-1
363,0,1,1
364,1,2,1
365,2,,
366,2,,
367,2,2,0
368,2,,
369,0,,
370,0,1,1
371,1,1,0
372,1,4,3
373,4,,
374,0,,
375,4,,
376,0,,
377,1,0,-1
378,0,0,0
379,0,0,0
380,0,1,1
381,1,4,3
382,4,,
383,4,,
384,0,0,0
385,0,0,0
386,0,0,0
387,0,0,0
388,0,0,0
389,0,1,1
390,1,1,0
391,1,,
392,2,1,-1
393,1,4,3
394,4,4,0
395,4,,
396,0,4,4
397,4,4,0
398,4,,
399,0,2,2
400,2,,
401,4,,
402,2,,
403,0,0,0
404,0,0,0
405,0,0,0
406,0,0,0
407,0,0,0
408,0,0,0
409,0,,
410,0,0,0
411,0,0,0
412,0,0,0
413,0,0,0
414,0,1,1
415,1,1,0
416,1,4,3
417,4,,
418,0,,
419,4,,
420,0,1,1
421,1,1,0
422,1,,
423,0,,
424,0,0,0
425,0,0,0
426,0,,
427,0,1,1
428,1,0,-1
429,0,,
430,0,1,1
431,1,1,0
432,1,2,1
433,2,,
434,0,,
435,2,2,0
436,2,4,2
437,4,,
438,2,2,0
439,2,2,0
440,2,3,1
441,3,,
442,1,2,1
443,2,1,-1
444,1,1,0
445,1,,
446,1,,
447,0,0,0
448,0,0,0
449,0,0,0
450,0,,
451,1,4,3
452,4,,
453,0,1,1
454,1,,
455,0,,
456,0,1,1
457,1,1,0
458,1,1,0
459,1,,
460,0,,
461,4,,
462,0,,
463,2,,
464,1,1,0
465,1,1,0
466,1,0,-1
467,0,1,1
468,1,0,-1
469,0,,
470,0,0,0
471,0,,
472,0,,
473,0,1,1
474,1,1,0
475,1,1,0
476,1,,
477,0,1,1
478,1,1,0
479,1,3,2
480,3,3,0
481,3,3,0
482,3,,
483,0,,
484,0,0,0
485,0,,
486,0,0,0
487,0,1,1
488,1,1,0
489,1,,
490,0,0,0
491,0,0,0
492,0,,
493,0,0,0
494,0,0,0
495,0,1,1
496,1,,
497,0,,
498,0,,
499,0,,
500,0,0,0
501,0,0,0
502,0,,
503,0,1,1
504,1,1,0
505,1,,
506,2,,
507,0,1,1
508,1,1,0
509,1,1,0
510,1,1,0
511,1,,
512,0,,
513,1,,
514,0,0,0
515,0,,
516,1,,
517,0,1,1
518,1,1,0
519,1,,
520,0,4,4
521,4,,
522,4,,
523,0,,
524,4,,
525,0,0,0
526,0,1,1
527,1,,
528,0,0,0
529,0,,
530,1,2,1
531,2,2,0
532,2,,
533,1,,
534,0,0,0
535,0,0,0
536,0,0,0
537,0,0,0
538,0,0,0
539,0,0,0
540,0,0,0
541,0,,
542,0,,
543,0,,
544,0,1,1
545,1,1,0
546,1,1,0
547,1,4,3
548,4,,
549,0,,
550,4,,
551,0,2,2
552,2,2,0
553,2,4,2
554,4,,
555,0,0,0
556,0,1,1
557,1,0,-1
558,0,1,1
559,1,1,0
560,1,1,0
561,1,,
562,0,0,0
563,0,1,1
564,1,2,1
565,2,1,-1
566,1,1,0
567,1,0,-1
568,0,1,1
569,1,3,2
570,3,2,-1
571,2,1,-1
572,1,,
573,0,4,4
574,4,,
575,0,,
576,0,1,1
577,1,1,0
578,1,1,0
579,1,,
580,4,,
581,0,0,0
582,0,0,0
583,0,,
584,0,,
585,4,,
586,0,0,0
587,0,1,1
588,1,1,0
589,1,1,0
590,1,4,3
591,4,,
592,0,1,1
593,1,1,0
594,1,,
595,4,,
596,4,,
597,1,1,0
598,1,2,1
599,2,,
600,1,,
601,1,1,0
602,1,1,0
603,1,1,0
604,1,1,0
605,1,1,0
606,1,1,0
607,1,4,3
608,4,,
609,4,,
610,0,0,0
611,0,1,1
612,1,,
613,0,,
614,0,,
615,0,0,0
616,0,,
617,0,,
618,0,,
619,0,1,1
620,1,1,0
621,1,2,1
622,2,,
623,0,0,0
624,0,1,1
625,1,1,0
626,1,4,3
627,4,,
628,1,4,3
629,4,,
630,0,1,1
631,1,1,0
632,1,,
633,2,,
634,4,,
635,2,,
636,4,,
637,0,1,1
638,1,1,0
639,1,4,3
640,4,,
641,1,0,-1
642,0,,
643,4,,
644,4,,
645,0,0,0
646,0,1,1
647,1,0,-1
648,0,2,2
649,2,4,2
650,4,,
651,0,0,0
652,0,0,0
653,0,,
654,0,,
655,0,2,2
656,2,4,2
657,4,,
658,0,,
659,0,,
660,0,0,0
661,0,0,0
662,0,,
663,0,,
664,0,0,0
665,0,0,0
666,0,,
667,0,0,0
668,0,0,0
669,0,1,1
670,1,1,0
671,1,,
672,0,0,0
673,0,,
674,0,,
675,0,,
676,4,,
677,0,,
678,0,0,0
679,0,0,0
680,0,,
681,0,1,1
682,1,4,3
683,4,,
684,4,,
685,4,,
686,0,0,0
687,0,,
688,0,,
689,0,1,1
690,1,2,1
691,2,,
692,0,0,0
693,0,0,0
694,0,,
695,0,,
696,1,,
697,1,2,1
698,2,,
699,0,,
700,2,,
701,1,0,-1
702,0,0,0
703,0,0,0
704,0,0,0
705,0,,
706,0,0,0
707,0,0,0
708,0,,
709,0,0,0
710,0,0,0
711,0,0,0
712,0,,
713,0,0,0
714,0,,
715,0,,
716,0,,
717,0,0,0
718,0,,
719,0,1,1
720,1,1,0
721,1,1,0
722,1,,
723,0,4,4
724,4,,
725,0,0,0
726,0,1,1
727,1,,
728,0,,
729,0,0,0
730,0,1,1
731,1,4,3
732,4,,
733,0,0,0
734,0,,
735,0,0,0
736,0,1,1
737,1,0,-1
738,0,0,0
739,0,,
740,1,,
741,1,,
742,0,1,1
743,1,,
744,0,0,0
745,0,1,1
746,1,0,-1
747,0,4,4
748,4,,
749,0,1,1
750,1,,
751,4,,
752,1,0,-1
753,0,0,0
754,0,3,3
755,3,,
756,0,1,1
757,1,4,3
758,4,,
759,4,,
760,2,,
761,0,1,1
762,1,4,3
763,4,,
764,0,0,0
765,0,,
766,4,,
767,0,0,0
768,0,,
769,0,0,0
770,0,1,1
771,1,2,1
772,2,1,-1
773,1,4,3
774,4,,
775,0,,
776,4,,
777,0,0,0
778,0,0,0
779,0,,
780,1,4,3
781,4,,
782,4,,
783,0,0,0
784,0,0,0
785,0,1,1
786,1,,
787,0,,
788,0,1,1
789,1,,
790,1,,
791,0,,
792,0,4,4
793,4,,
794,4,,
795,0,4,4
796,4,,
797,4,,
798,4,,
799,4,,
800,4,,
801,0,,
802,0,,
803,0,,
804,0,,
805,0,1,1
806,1,1,0
807,1,,
808,0,1,1
809,1,0,-1
810,0,,
811,0,,
812,0,,
813,0,1,1
814,1,1,0
815,1,1,0
816,1,1,0
817,1,,
818,0,0,0
819,0,,
820,0,,
821,0,,
822,1,1,0
823,1,1,0
824,1,2,1
825,2,,
826,0,0,0
827,0,,
828,0,,
829,0,0,0
830,0,,
831,0,1,1
832,1,1,0
833,1,4,3
834,4,,
835,0,2,2
836,2,,
837,4,,
838,0,,
839,0,1,1
840,1,1,0
841,1,,
842,0,0,0
843,0,,
844,0,1,1
845,1,1,0
846,1,1,0
847,1,1,0
848,1,4,3
849,4,4,0
850,4,,
851,0,0,0
852,0,,
853,4,,
854,0,2,2
855,2,0,-2
856,0,,
857,0,0,0
858,0,0,0
859,0,,
860,0,1,1
861,1,0,-1
862,0,0,0
863,0,1,1
864,1,0,-1
865,0,,
866,1,,
867,0,,
868,0,0,0
869,0,1,1
870,1,1,0
871,1,,
872,1,,
873,0,0,0
874,0,0,0
875,0,0,0
876,0,,
877,0,1,1
878,1,4,3
879,4,4,0
880,4,,
881,0,2,2
882,2,,
883,4,,
884,2,,
885,0,0,0
886,0,,
887,1,1,0
888,1,,
889,0,1,1
890,1,1,0
891,1,,
892,0,1,1
893,1,1,0
894,1,1,0
895,1,1,0
896,1,,
897,0,,
898,0,,
899,0,,
900,0,1,1
901,1,1,0
902,1,,
903,0,2,2
904,2,,
905,4,,
906,2,2,0
907,2,4,2
908,4,,
909,0,0,0
910,0,0,0
911,0,0,0
912,0,,
913,0,0,0
914,0,1,1
915,1,,
916,1,0,-1
917,0,0,0
918,0,,
919,0,,
920,0,0,0
921,0,1,1
922,1,,
923,0,,
924,1,,
925,4,,
926,4,,
927,4,,
928,4,,
929,0,1,1
930,1,1,0
931,1,,
932,0,1,1
933,1,4,3
934,4,,
935,4,,
936,4,,
937,0,0,0
938,0,0,0
939,0,,
940,0,0,0
941,0,0,0
942,0,,
943,0,0,0
944,0,4,4
945,4,,
946,0,,
947,0,1,1
948,1,1,0
949,1,1,0
950,1,1,0
951,1,,
952,0,0,0
953,0,2,2
954,2,0,-2
955,0,1,1
956,1,,
957,1,4,3
958,4,,
959,1,1,0
960,1,,
961,0,,
962,4,,
963,3,3,0
964,3,4,1
965,4,,
966,0,1,1
967,1,1,0
968,1,4,3
969,4,,
970,0,0,0
971,0,0,0
972,0,0,0
973,0,0,0
974,0,0,0
975,0,0,0
976,0,,
977,0,0,0
978,0,,
979,0,4,4
980,4,,
981,1,2,1
982,2,3,1
983,3,4,1
984,4,,
985,4,,
986,0,0,0
987,0,0,0
988,0,0,0
989,0,0,0
990,0,,
991,0,0,0
992,0,0,0
993,0,,
994,0,,
995,0,0,0
996,0,0,0
997,0,0,0
998,0,1,1
999,1,2,1
1000,2,4,2
1001,4,,
1002,0,,
1003,0,0,0
1004,0,1,1
1005,1,1,0
1006,1,,
1007,1,,
1008,0,1,1
1009,1,4,3
1010,4,,
1011,4,,
1012,1,0,-1
1013,0,1,1
1014,1,1,0
1015,1,,
1016,0,,
1017,0,0,0
1018,0,,
1019,0,1,1
1020,1,2,1
1021,2,,
1022,0,0,0
1023,0,,
1024,2,,
1025,0,,
1026,0,,
1027,0,,
1028,0,,
1029,0,1,1
1030,1,0,-1
1031,0,,
1032,0,,
1033,0,1,1
1034,1,,
1035,0,1,1
1036,1,0,-1
1037,0,1,1
1038,1,1,0
1039,1,1,0
1040,1,,
1041,1,1,0
1042,1,1,0
1043,1,,
1044,1,0,-1
1045,0,0,0
1046,0,1,1
1047,1,4,3
1048,4,,
1049,0,1,1
1050,1,4,3
1051,4,,
1052,4,,
1053,4,,
1054,4,,
1055,1,,
1056,0,0,0
1057,0,1,1
1058,1,1,0
1059,1,0,-1
1060,0,1,1
1061,1,,
1062,0,0,0
1063,0,,
1064,1,,
1065,0,,
1066,0,1,1
1067,1,1,0
1068,1,,
1069,0,1,1
1070,1,0,-1
1071,0,0,0
1072,0,1,1
1073,1,1,0
1074,1,,
1075,0,0,0
1076,0,1,1
1077,1,0,-1
1078,0,0,0
1079,0,0,0
1080,0,0,0
1081,0,0,0
1082,0,0,0
1083,0,1,1
1084,1,1,0
1085,1,4,3
1086,4,,
1087,0,1,1
1088,1,1,0
1089,1,1,0
1090,1,,
1091,0,,
1092,1,,
1093,2,,
1094,4,,
1095,0,0,0
1096,0,0,0
1097,0,1,1
1098,1,1,0
1099,1,,
1100,0,0,0
1101,0,,
1102,0,0,0
1103,0,,
1104,0,0,0
1105,0,0,0
1106,0,,
1107,4,,
1108,0,2,2
1109,2,2,0
1110,2,2,0
1111,2,3,1
1112,3,4,1
1113,4,,
1114,1,1,0
1115,1,4,3
1116,4,1,-3
1117,1,,
1118,2,,
1119,1,,
1120,2,4,2
1121,4,,
1122,0,0,0
1123,0,1,1
1124,1,,
1125,0,0,0
1126,0,0,0
1127,0,,
1128,0,,
1129,0,0,0
1130,0,2,2
1131,2,,
1132,0,,
1133,0,,
1134,0,,
1135,0,,
1136,0,1,1
1137,1,0,-1
1138,0,,
1139,0,0,0
1140,0,0,0
1141,0,1,1
1142,1,0,-1
1143,0,,
1144,0,0,0
1145,0,,
1146,0,0,0
1147,0,,
1148,2,4,2
1149,4,,
1150,0,0,0
1151,0,0,0
1152,0,0,0
1153,0,,
1154,0,0,0
1155,0,,
1156,1,,
1157,0,0,0
1158,0,0,0
1159,0,2,2
1160,2,3,1
1161,3,1,-2
1162,1,4,3
1163,4,4,0
1164,4,,
1165,1,1,0
1166,1,4,3
1167,4,4,0
1168,4,,
1169,0,,
1170,0,0,0
1171,0,2,2
1172,2,2,0
1173,2,,
1174,0,0,0
1175,0,,
1176,0,0,0
1177,0,0,0
1178,0,1,1
1179,1,2,1
1180,2,,
1181,0,0,0
1182,0,0,0
1183,0,0,0
1184,0,0,0
1185,0,0,0
1186,0,,
1187,0,,
1188,0,0,0
1189,0,0,0
1190,0,1,1
1191,1,1,0
1192,1,2,1
1193,2,2,0
1194,2,4,2
1195,4,,
1196,0,,
1197,0,0,0
1198,0,1,1
1199,1,1,0
1200,1,1,0
1201,1,,
1202,0,0,0
1203,0,0,0
1204,0,,
1205,0,0,0
1206,0,,
1207,0,1,1
1208,1,1,0
1209,1,,
1210,0,,
1211,0,,
1212,0,0,0
1213,0,,
1214,0,,
1215,0,,
1216,0,,
1217,0,,
1218,0,,
1219,1,0,-1
1220,0,0,0
1221,0,,
1222,1,1,0
1223,1,4,3
1224,4,,
1225,2,,
1226,0,1,1
1227,1,1,0
1228,1,,
1229,0,,
1230,0,0,0
1231,0,1,1
1232,1,1,0
1233,1,1,0
1234,1,1,0
1235,1,1,0
1236,1,4,3
1237,4,,
1238,2,3,1
1239,3,3,0
1240,3,,
1241,4,,
1242,4,,
1243,0,1,1
1244,1,1,0
1245,1,1,0
1246,1,4,3
1247,4,0,-4
1248,0,4,4
1249,4,,
1250,0,1,1
1251,1,0,-1
1252,0,2,2
1253,2,,
1254,4,,
1255,4,,
1256,0,0,0
1257,0,,
1258,0,4,4
1259,4,,
1260,4,,
1261,0,,
1262,4,,
1263,2,4,2
1264,4,,
1265,0,0,0
1266,0,0,0
1267,0,,
1268,0,,
1269,0,0,0
1270,0,0,0
1271,0,0,0
1272,0,1,1
1273,1,1,0
1274,1,,
1275,0,0,0
1276,0,0,0
1277,0,1,1
1278,1,1,0
1279,1,1,0
1280,1,4,3
1281,4,,
1282,1,,
1283,4,,
1284,0,1,1
1285,1,1,0
1286,1,0,-1
1287,0,4,4
1288,4,,
1289,0,2,2
1290,2,4,2
1291,4,,
1292,4,,
1293,4,,
1294,0,0,0
1295,0,,
1296,0,,
1297,0,0,0
1298,0,0,0
1299,0,4,4
1300,4,,
1301,0,0,0
1302,0,0,0
1303,0,0,0
1304,0,,
1305,4,,
1306,0,1,1
1307,1,0,-1
1308,0,,
1309,0,0,0
1310,0,1,1
1311,1,4,3
1312,4,,
1313,1,1,0
1314,1,4,3
1315,4,,
1316,4,3,-1
1317,3,4,1
1318,4,4,0
1319,4,,
1320,0,0,0
1321,0,0,0
1322,0,,
1323,0,0,0
1324,0,,
1325,0,,
1326,0,0,0
1327,0,1,1
1328,1,2,1
1329,2,,
1330,0,0,0
1331,0,1,1
1332,1,1,0
1333,1,,
1334,0,1,1
1335,1,,
1336,2,,
1337,0,1,1
1338,1,1,0
1339,1,1,0
1340,1,1,0
1341,1,,
1342,0,0,0
1343,0,0,0
1344,0,,
1345,0,0,0
1346,0,,
1347,1,,
1348,0,,
1349,0,0,0
1350,0,0,0
1351,0,0,0
1352,0,,
1353,0,0,0
1354,0,,
1355,0,,
1356,0,,
1357,0,0,0
1358,0,0,0
1359,0,0,0
1360,0,0,0
1361,0,,
1362,0,1,1
1363,1,0,-1
1364,0,0,0
1365,0,1,1
1366,1,1,0
1367,1,1,0
1368,1,,
1369,0,,
1370,0,0,0
1371,0,0,0
1372,0,0,0
1373,0,,
1374,1,0,-1
1375,0,,
1376,0,,
1377,0,0,0
1378,0,0,0
1379,0,,
1380,0,1,1
1381,1,1,0
1382,1,4,3
1383,4,4,0
1384,4,,
1385,0,,
1386,0,0,0
1387,0,1,1
1388,1,1,0
1389,1,4,3
1390,4,4,0
1391,4,,
1392,0,0,0
1393,0,1,1
1394,1,0,-1
1395,0,0,0
1396,0,,
1397,0,1,1
1398,1,,
1399,0,1,1
1400,1,4,3
1401,4,4,0
1402,4,4,0
1403,4,,
1404,0,,
1405,0,0,0
1406,0,,
1407,0,1,1
1408,1,,
1409,0,,
1410,0,1,1
1411,1,,
1412,0,,
1413,1,,
1414,0,,
1415,0,0,0
1416,0,1,1
1417,1,,
1418,1,1,0
1419,1,1,0
1420,1,,
1421,1,,
1422,1,,
1423,0,0,0
1424,0,,
1425,0,0,0
1426,0,4,4
1427,4,,
1428,4,,
1429,0,0,0
1430,0,,
1431,0,,
1432,0,0,0
1433,0,2,2
1434,2,4,2
1435,4,,
1436,0,0,0
1437,0,1,1
1438,1,,
1439,0,,
1440,0,,
1441,0,1,1
1442,1,1,0
1443,1,4,3
1444,4,,
1445,3,,
1446,4,,
1447,3,0,-3
1448,0,4,4
1449,4,,
1450,0,0,0
1451,0,0,0
1452,0,4,4
1453,4,4,0
1454,4,,
1455,0,,
1456,0,,
1457,0,0,0
1458,0,0,0
1459,0,1,1
1460,1,1,0
1461,1,0,-1
1462,0,1,1
1463,1,1,0
1464,1,1,0
1465,1,0,-1
1466,0,1,1
1467,1,1,0
1468,1,1,0
1469,1,,
1470,0,,
1471,1,,
1472,0,0,0
1473,0,,
1474,0,,
1475,1,1,0
1476,1,4,3
1477,4,,
1478,0,0,0
1479,0,0,0
1480,0,1,1
1481,1,1,0
1482,1,4,3
1483,4,,
1484,0,,
1485,4,,
1486,4,,
1487,2,,
1488,4,,
1489,2,,
1490,0,0,0
1491,0,4,4
1492,4,,
1493,4,,
1494,0,1,1
1495,1,2,1
1496,2,4,2
1497,4,,
1498,0,,
1499,4,,
1500,4,,
1501,4,,
1502,0,0,0
1503,0,,
1504,0,,
1505,0,0,0
1506,0,,
1507,0,1,1
1508,1,2,1
1509,2,,
1510,1,0,-1
1511,0,2,2
1512,2,2,0
1513,2,1,-1
1514,1,1,0
1515,1,1,0
1516,1,2,1
1517,2,4,2
1518,4,,
1519,0,0,0
1520,0,0,0
1521,0,0,0
1522,0,0,0
1523,0,0,0
1524,0,0,0
1525,0,,
1526,2,,
1527,1,1,0
1528,1,,
1529,0,0,0
1530,0,,
1531,0,0,0
1532,0,0,0
1533,0,,
1534,0,,
1535,0,,
1536,0,,
1537,0,0,0
1538,0,0,0
1539,0,,
1540,1,1,0
1541,1,0,-1
1542,0,,
1543,0,,
1544,0,,
1545,0,0,0
1546,0,0,0
1547,0,4,4
1548,4,,
1549,0,4,4
1550,4,,
1551,0,0,0
1552,0,0,0
1553,0,4,4
1554,4,,
1555,0,4,4
1556,4,,
1557,0,0,0
1558,0,1,1
1559,1,1,0
1560,1,4,3
1561,4,,
1562,0,1,1
1563,1,1,0
1564,1,,
1565,4,,
1566,1,1,0
1567,1,1,0
1568,1,1,0
1569,1,,
1570,0,0,0
1571,0,1,1
1572,1,,
1573,1,,
1574,0,,
1575,0,1,1
1576,1,4,3
1577,4,,
1578,4,,
1579,0,0,0
1580,0,0,0
1581,0,,
1582,0,,
1583,1,4,3
1584,4,,
1585,4,,
1586,2,,
1587,4,,
1588,2,,
1589,0,0,0
1590,0,0,0
1591,0,0,0
1592,0,0,0
1593,0,,
1594,0,0,0
1595,0,1,1
1596,1,0,-1
1597,0,0,0
1598,0,0,0
1599,0,0,0
1600,0,1,1
1601,1,0,-1
1602,0,0,0
1603,0,2,2
1604,2,,
1605,0,0,0
1606,0,,
1607,0,4,4
1608,4,,
1609,0,,
1610,4,,
1611,0,,
1612,0,1,1
1613,1,1,0
1614,1,0,-1
1615,0,,
1616,0,0,0
1617,0,,
1618,0,1,1
1619,1,1,0
1620,1,1,0
1621,1,1,0
1622,1,,
1623,0,0,0
1624,0,3,3
1625,3,,
1626,3,,
1627,0,0,0
1628,0,0,0
1629,0,0,0
1630,0,,
1631,0,0,0
1632,0,0,0
1633,0,0,0
1634,0,0,0
1635,0,,
1636,0,0,0
1637,0,1,1
1638,1,1,0
1639,1,1,0
1640,1,,
1641,0,0,0
1642,0,0,0
1643,0,0,0
1644,0,,
1645,0,,
1646,0,,
1647,0,0,0
1648,0,1,1
1649,1,1,0
1650,1,,
1651,0,,
1652,1,1,0
1653,1,4,3
1654,4,,
1655,0,0,0
1656,0,0,0
1657,0,,
1658,0,,
1659,0,,
1660,0,,
1661,0,0,0
1662,0,1,1
1663,1,,
1664,0,,
1665,1,2,1
1666,2,,
1667,0,,
1668,0,,
1669,0,0,0
1670,0,4,4
1671,4,,
1672,3,,
1673,0,,
1674,0,1,1
1675,1,,
1676,0,,
1677,1,,
1678,0,,
1679,0,,
1680,0,0,0
1681,0,0,0
1682,0,,
1683,0,0,0
1684,0,0,0
1685,0,0,0
1686,0,0,0
1687,0,,
1688,1,1,0
1689,1,4,3
1690,4,,
1691,0,,
1692,4,,
1693,0,,
1694,0,4,4
1695,4,4,0
1696,4,,
1697,4,,
1698,0,0,0
1699,0,,
1700,0,0,0
1701,0,0,0
1702,0,1,1
1703,1,2,1
1704,2,,
1705,0,,
1706,2,,
1707,0,1,1
1708,1,1,0
1709,1,,
1710,0,,
1711,0,,
1712,0,,
1713,0,0,0
1714,0,0,0
1715,0,0,0
1716,0,0,0
1717,0,,
1718,1,0,-1
1719,0,1,1
1720,1,1,0
1721,1,1,0
1722,1,,
1723,0,,
1724,0,,
1725,1,,
1726,0,,
1727,4,,
1728,1,,
1729,0,1,1
1730,1,1,0
1731,1,1,0
1732,1,1,0
1733,1,1,0
1734,1,1,0
1735,1,,
1736,0,0,0
1737,0,1,1
1738,1,1,0
1739,1,,
1740,0,,
1741,1,,
1742,0,,
1743,0,1,1
1744,1,1,0
1745,1,1,0
1746,1,1,0
1747,1,1,0
1748,1,1,0
1749,1,1,0
1750,1,0,-1
1751,0,0,0
1752,0,1,1
1753,1,1,0
1754,1,1,0
1755,1,1,0
1756,1,1,0
1757,1,1,0
1758,1,0,-1
1759,0,1,1
1760,1,1,0
1761,1,0,-1
1762,0,1,1
1763,1,1,0
1764,1,1,0
1765,1,1,0
1766,1,1,0
1767,1,1,0
1768,1,1,0
1769,1,4,3
1770,4,4,0
1771,4,,
1772,0,0,0
1773,0,,
1774,0,1,1
1775,1,0,-1
1776,0,0,0
1777,0,0,0
1778,0,1,1
1779,1,,
1780,0,0,0
1781,0,0,0
1782,0,0,0
1783,0,,
1784,1,4,3
1785,4,,
1786,0,0,0
1787,0,0,0
1788,0,0,0
1789,0,0,0
1790,0,,
1791,0,,
1792,0,0,0
1793,0,0,0
1794,0,0,0
1795,0,4,4
1796,4,,
1797,0,1,1
1798,1,,
1799,0,,
1800,1,2,1
1801,2,,
1802,0,0,0
1803,0,0,0
1804,0,,
1805,0,0,0
1806,0,,
1807,0,,
1808,0,,
1809,0,1,1
1810,1,1,0
1811,1,,
1812,0,0,0
1813,0,1,1
1814,1,1,0
1815,1,,
1816,1,,
1817,0,,
1818,0,,
1819,0,1,1
1820,1,4,3
1821,4,,
1822,0,,
1823,0,0,0
1824,0,1,1
1825,1,4,3
1826,4,,
1827,4,,
1828,0,0,0
1829,0,0,0
1830,0,2,2
1831,2,2,0
1832,2,,
1833,0,1,1
1834,1,,
1835,1,1,0
1836,1,1,0
1837,1,4,3
1838,4,,
1839,0,1,1
1840,1,1,0
1841,1,1,0
1842,1,4,3
1843,4,,
1844,0,0,0
1845,0,0,0
1846,0,1,1
1847,1,3,2
1848,3,3,0
1849,3,,
1850,4,,
1851,0,0,0
1852,0,,
1853,0,0,0
1854,0,,
1855,0,0,0
1856,0,,
1857,0,,
1858,0,,
1859,0,,
1860,0,,
1861,0,,
1862,0,,
1863,0,,
1864,0,,
1865,0,,
1866,0,,
1867,1,4,3
1868,4,,
1869,0,1,1
1870,1,,
1871,4,,
1872,1,2,1
1873,2,,
1874,0,0,0
1875,0,0,0
1876,0,,
1877,0,0,0
1878,0,,
1879,0,,
1880,0,,
1881,4,,
1882,4,,
1883,4,,
1884,4,,
1885,0,0,0
1886,0,0,0
1887,0,,
1888,0,,
1889,0,,
1890,0,,
1891,0,1,1
1892,1,1,0
1893,1,,
1894,1,1,0
1895,1,,
1896,0,0,0
1897,0,,
1898,0,1,1
1899,1,4,3
1900,4,,
1901,4,,
1902,0,0,0
1903,0,0,0
1904,0,0,0
1905,0,0,0
1906,0,,
1907,0,0,0
1908,0,0,0
1909,0,,
1910,0,,
1911,0,0,0
1912,0,0,0
1913,0,0,0
1914,0,0,0
1915,0,,
1916,0,1,1
1917,1,,
1918,0,0,0
1919,0,4,4
1920,4,,
1921,1,,
1922,0,1,1
1923,1,1,0
1924,1,,
1925,1,0,-1
1926,0,0,0
1927,0,1,1
1928,1,1,0
1929,1,1,0
1930,1,,
1931,1,1,0
1932,1,2,1
1933,2,2,0
1934,2,3,1
1935,3,4,1
1936,4,,
1937,0,,
1938,0,3,3
1939,3,,
1940,1,1,0
1941,1,2,1
1942,2,2,0
1943,2,3,1
1944,3,4,1
1945,4,,
1946,0,3,3
1947,3,3,0
1948,3,3,0
1949,3,4,1
1950,4,,
1951,0,1,1
1952,1,1,0
1953,1,0,-1
1954,0,0,0
1955,0,4,4
1956,4,4,0
1957,4,,
1958,0,0,0
1959,0,1,1
1960,1,0,-1
1961,0,0,0
1962,0,0,0
1963,0,0,0
1964,0,,
1965,4,,
1966,2,,
1967,4,,
1968,2,4,2
1969,4,,
1970,0,1,1
1971,1,1,0
1972,1,1,0
1973,1,1,0
1974,1,,
1975,0,4,4
1976,4,,
1977,0,,
1978,0,,
1979,4,,
1980,0,0,0
1981,0,0,0
1982,0,2,2
1983,2,2,0
1984,2,,
1985,0,,
1986,0,0,0
1987,0,0,0
1988,0,0,0
1989,0,0,0
1990,0,,
1991,0,,
1992,0,,
1993,0,,
1994,0,,
1995,1,1,0
1996,1,4,3
1997,4,,
1998,4,,
1999,4,,
2000,4,,
2001,0,1,1
2002,1,1,0
2003,1,1,0
2004,1,4,3
2005,4,,
2006,4,,
2007,0,1,1
2008,1,,
2009,0,0,0
2010,0,,
2011,0,0,0
2012,0,0,0
2013,0,,
2014,0,,
2015,0,1,1
2016,1,0,-1
2017,0,1,1
2018,1,4,3
2019,4,,
2020,0,0,0
2021,0,0,0
2022,0,,
2023,4,,
2024,0,2,2
2025,2,2,0
2026,2,3,1
2027,3,,
2028,0,1,1
2029,1,1,0
2030,1,,
2031,0,,
2032,0,1,1
2033,1,1,0
2034,1,,
2035,0,0,0
2036,0,0,0
2037,0,,
2038,1,,
2039,0,1,1
2040,1,4,3
2041,4,,
2042,0,1,1
2043,1,2,1
2044,2,2,0
2045,2,2,0
2046,2,,
2047,0,1,1
2048,1,1,0
2049,1,4,3
2050,4,,
2051,4,,
2052,2,2,0
2053,2,2,0
2054,2,4,2
2055,4,,
2056,4,,
2057,4,,
2058,4,,
2059,0,1,1
2060,1,0,-1
2061,0,1,1
2062,1,0,-1
2063,0,4,4
2064,4,,
2065,0,,
2066,4,,
2067,0,1,1
2068,1,3,2
2069,3,,
2070,1,4,3
2071,4,,
2072,0,0,0
2073,0,0,0
2074,0,0,0
2075,0,0,0
2076,0,,
2077,0,1,1
2078,1,,
2079,0,,
2080,0,4,4
2081,4,,
2082,4,,
2083,0,0,0
2084,0,0,0
2085,0,0,0
2086,0,0,0
2087,0,,
2088,0,,
2089,0,1,1
2090,1,0,-1
2091,0,0,0
2092,0,0,0
2093,0,0,0
2094,0,0,0
2095,0,,
2096,4,,
2097,0,,
2098,0,0,0
2099,0,1,1
2100,1,1,0
2101,1,,
2102,0,0,0
2103,0,0,0
2104,0,,
2105,1,2,1
2106,2,1,-1
2107,1,1,0
2108,1,1,0
2109,1,,
2110,0,1,1
2111,1,3,2
2112,3,3,0
2113,3,0,-3
2114,0,,
2115,0,0,0
2116,0,0,0
2117,0,1,1
2118,1,1,0
2119,1,0,-1
2120,0,0,0
2121,0,0,0
2122,0,1,1
2123,1,,
2124,1,0,-1
2125,0,0,0
2126,0,0,0
2127,0,0,0
2128,0,0,0
2129,0,0,0
2130,0,0,0
2131,0,1,1
2132,1,1,0
2133,1,0,-1
2134,0,0,0
2135,0,2,2
2136,2,3,1
2137,3,4,1
2138,4,,
2139,0,,
2140,0,,
2141,0,,
2142,0,0,0
2143,0,0,0
2144,0,,
2145,0,,
2146,0,1,1
2147,1,0,-1
2148,0,,
2149,0,0,0
2150,0,,
2151,0,0,0
2152,0,0,0
2153,0,0,0
2154,0,0,0
2155,0,0,0
2156,0,0,0
2157,0,1,1
2158,1,0,-1
2159,0,,
2160,0,1,1
2161,1,2,1
2162,2,,
2163,0,,
2164,0,,
2165,1,1,0
2166,1,4,3
2167,4,4,0
2168,4,,
2169,1,,
2170,4,,
2171,1,,
2172,4,,
2173,0,0,0
2174,0,0,0
2175,0,0,0
2176,0,0,0
2177,0,0,0
2178,0,1,1
2179,1,0,-1
2180,0,0,0
2181,0,1,1
2182,1,0,-1
2183,0,1,1
2184,1,1,0
2185,1,2,1
2186,2,2,0
2187,2,,
2188,1,4,3
2189,4,,
2190,0,2,2
2191,2,4,2
2192,4,,
2193,4,,
2194,4,,
2195,0,,
2196,0,4,4
2197,4,4,0
2198,4,,
2199,1,0,-1
2200,0,0,0
2201,0,,
2202,0,1,1
2203,1,4,3
2204,4,,
2205,4,,
2206,2,4,2
2207,4,,
2208,0,0,0
2209,0,0,0
2210,0,,
2211,0,0,0
2212,0,,
2213,0,4,4
2214,4,,
2215,0,0,0
2216,0,1,1
2217,1,1,0
2218,1,4,3
2219,4,,
2220,1,0,-1
2221,0,0,0
2222,0,,
2223,0,0,0
2224,0,0,0
2225,0,3,3
2226,3,,
2227,4,,
2228,0,0,0
2229,0,4,4
2230,4,,
2231,0,,
2232,4,,
2233,2,,
2234,4,,
2235,2,2,0
2236,2,,
2237,4,,
2238,0,0,0
2239,0,0,0
2240,0,2,2
2241,2,,
2242,4,,
2243,0,0,0
2244,0,0,0
2245,0,1,1
2246,1,1,0
2247,1,1,0
2248,1,1,0
2249,1,,
2250,0,,
2251,4,,
2252,0,,
2253,1,1,0
2254,1,4,3
2255,4,,
2256,4,,
2257,4,,
2258,4,,
2259,0,0,0
2260,0,0,0
2261,0,1,1
2262,1,,
2263,1,,
2264,1,,
2265,1,,
2266,1,,
2267,1,,
2268,0,0,0
2269,0,0,0
2270,0,0,0
2271,0,,
2272,0,0,0
2273,0,,
2274,0,1,1
2275,1,1,0
2276,1,2,1
2277,2,,
2278,0,,
2279,0,0,0
2280,0,0,0
2281,0,0,0
2282,0,0,0
2283,0,,
2284,0,,
2285,0,1,1
2286,1,2,1
2287,2,4,2
2288,4,,
2289,4,,
2290,0,1,1
2291,1,0,-1
2292,0,,
2293,0,0,0
2294,0,0,0
2295,0,,
2296,0,1,1
2297,1,0,-1
2298,0,4,4
2299,4,,
2300,1,,
2301,4,,
2302,1,,
2303,0,1,1
2304,1,1,0
2305,1,1,0
2306,1,1,0
2307,1,0,-1
2308,0,,
2309,0,0,0
2310,0,,
2311,0,,
2312,0,,
2313,0,,
2314,0,,
2315,0,0,0
2316,0,0,0
2317,0,0,0
2318,0,0,0
2319,0,,
2320,0,,
2321,0,0,0
2322,0,0,0
2323,0,0,0
2324,0,0,0
2325,0,0,0
2326,0,0,0
2327,0,0,0
2328,0,,
2329,0,0,0
2330,0,0,0
2331,0,0,0
2332,0,0,0
2333,0,0,0
2334,0,0,0
2335,0,0,0
2336,0,0,0
2337,0,,
2338,0,0,0
2339,0,0,0
2340,0,0,0
2341,0,0,0
2342,0,0,0
2343,0,,
2344,4,,
2345,0,0,0
2346,0,0,0
2347,0,,
2348,0,,
2349,0,,
2350,0,1,1
2351,1,4,3
2352,4,,
2353,0,0,0
2354,0,,
2355,0,,
2356,4,,
2357,4,,
2358,0,0,0
2359,0,0,0
2360,0,3,3
2361,3,0,-3
2362,0,0,0
2363,0,3,3
2364,3,3,0
2365,3,4,1
2366,4,,
2367,0,0,0
2368,0,0,0
2369,0,,
2370,0,,
2371,0,1,1
2372,1,1,0
2373,1,,
2374,0,,
2375,0,0,0
2376,0,,
2377,0,,
2378,0,4,4
2379,4,,
2380,1,2,1
2381,2,,
2382,4,,
2383,2,4,2
2384,4,,
2385,0,,
2386,0,,
2387,0,,
2388,0,0,0
2389,0,,
2390,0,,
2391,0,1,1
2392,1,1,0
2393,1,,
2394,0,0,0
2395,0,,
2396,0,,
2397,0,,
2398,0,,
2399,0,1,1
2400,1,2,1
2401,2,,
2402,0,,
2403,2,4,2
2404,4,,
2405,4,4,0
2406,4,4,0
2407,4,4,0
2408,4,,
2409,2,2,0
2410,2,,
2411,4,,
2412,4,,
2413,0,,
2414,0,,
2415,0,,
2416,0,,
2417,1,4,3
2418,4,,
2419,0,1,1
2420,1,,
2421,0,0,0
2422,0,0,0
2423,0,,
2424,1,,
2425,0,,
2426,0,,
2427,0,0,0
2428,0,0,0
2429,0,0,0
2430,0,,
2431,0,,
2432,0,,
2433,0,0,0
2434,0,,
2435,0,1,1
2436,1,1,0
2437,1,,
2438,0,0,0
2439,0,0,0
2440,0,,
2441,0,0,0
2442,0,1,1
2443,1,0,-1
2444,0,0,0
2445,0,0,0
2446,0,0,0
2447,0,0,0
2448,0,,
2449,0,1,1
2450,1,0,-1
2451,0,0,0
2452,0,,
2453,0,0,0
2454,0,,
2455,0,,
2456,0,0,0
2457,0,2,2
2458,2,,
2459,2,,
2460,2,,
2461,0,0,0
2462,0,0,0
2463,0,0,0
2464,0,,
2465,0,1,1
2466,1,,
2467,0,0,0
2468,0,,
2469,0,,
2470,0,,
2471,0,1,1
2472,1,1,0
2473,1,1,0
2474,1,,
2475,0,2,2
2476,2,,
2477,0,1,1
2478,1,0,-1
2479,0,1,1
2480,1,1,0
2481,1,0,-1
2482,0,1,1
2483,1,,
2484,1,,
2485,2,,
2486,0,0,0
2487,0,1,1
2488,1,0,-1
2489,0,0,0
2490,0,1,1
2491,1,3,2
2492,3,,
2493,0,0,0
2494,0,1,1
2495,1,1,0
2496,1,0,-1
2497,0,1,1
2498,1,1,0
2499,1,2,1
2500,2,1,-1
2501,1,2,1
2502,2,1,-1
2503,1,1,0
2504,1,4,3
2505,4,1,-3
2506,1,1,0
2507,1,4,3
2508,4,,
2509,0,,
2510,0,,
2511,0,0,0
2512,0,0,0
2513,0,,
2514,0,0,0
2515,0,0,0
2516,0,,
2517,0,,
2518,0,,
2519,0,,
2520,0,,
2521,0,,
2522,0,1,1
2523,1,4,3
2524,4,,
2525,0,,
2526,4,,
2527,4,,
2528,0,,
2529,0,0,0
2530,0,0,0
2531,0,,
2532,1,,
2533,1,4,3
2534,4,,
2535,4,,
2536,4,,
2537,4,,
2538,4,,
2539,0,0,0
2540,0,,
2541,0,0,0
2542,0,0,0
2543,0,,
2544,0,0,0
2545,0,0,0
2546,0,,
2547,0,0,0
2548,0,0,0
2549,0,0,0
2550,0,1,1
2551,1,,
2552,0,0,0
2553,0,,
2554,0,,
2555,0,0,0
2556,0,0,0
2557,0,2,2
2558,2,2,0
2559,2,,
2560,0,0,0
2561,0,,
2562,2,,
2563,0,,
2564,0,,
2565,0,0,0
2566,0,0,0
2567,0,,
2568,0,0,0
2569,0,0,0
2570,0,0,0
2571,0,,
2572,0,1,1
2573,1,1,0
2574,1,,
2575,0,,
2576,1,4,3
2577,4,,
2578,2,,
2579,4,,
2580,2,,
2581,0,0,0
2582,0,,
2583,0,,
2584,0,,
2585,4,,
2586,0,,
2587,4,,
2588,0,0,0
2589,0,,
2590,0,0,0
2591,0,0,0
2592,0,1,1
2593,1,1,0
2594,1,1,0
2595,1,,
2596,0,0,0
2597,0,0,0
2598,0,0,0
2599,0,,
2600,0,,
2601,0,,
2602,0,,
2603,0,0,0
2604,0,,
2605,0,,
2606,0,0,0
2607,0,,
2608,0,,
2609,0,0,0
2610,0,0,0
2611,0,1,1
2612,1,1,0
2613,1,1,0
2614,1,1,0
2615,1,1,0
2616,1,1,0
2617,1,1,0
2618,1,2,1
2619,2,0,-2
2620,0,1,1
2621,1,1,0
2622,1,2,1
2623,2,,
2624,0,0,0
2625,0,0,0
2626,0,1,1
2627,1,1,0
2628,1,,
2629,3,3,0
2630,3,4,1
2631,4,4,0
2632,4,4,0
2633,4,,
2634,1,0,-1
2635,0,1,1
2636,1,1,0
2637,1,1,0
2638,1,0,-1
2639,0,,
2640,1,1,0
2641,1,1,0
2642,1,1,0
2643,1,2,1
2644,2,0,-2
2645,0,0,0
2646,0,0,0
2647,0,0,0
2648,0,0,0
2649,0,0,0
2650,0,0,0
2651,0,0,0
2652,0,3,3
2653,3,4,1
2654,4,4,0
2655,4,,
2656,0,1,1
2657,1,4,3
2658,4,,
2659,4,,
2660,2,,
2661,0,1,1
2662,1,1,0
2663,1,2,1
2664,2,2,0
2665,2,3,1
2666,3,,
2667,0,,
2668,1,4,3
2669,4,,
2670,1,,
2671,4,,
2672,0,0,0
2673,0,0,0
2674,0,,
2675,0,0,0
2676,0,0,0
2677,0,0,0
2678,0,,
2679,0,0,0
2680,0,0,0
2681,0,1,1
2682,1,0,-1
2683,0,1,1
2684,1,,
2685,0,,
2686,1,,
2687,0,,
2688,0,0,0
2689,0,0,0
2690,0,,
2691,0,0,0
2692,0,0,0
2693,0,0,0
2694,0,,
2695,0,,
2696,0,,
2697,0,4,4
2698,4,,
2699,0,,
2700,4,,
2701,0,0,0
2702,0,,
2703,1,4,3
2704,4,,
2705,1,,
2706,4,,
2707,1,1,0
2708,1,3,2
2709,3,,
2710,0,0,0
2711,0,1,1
2712,1,1,0
2713,1,1,0
2714,1,,
2715,0,,
2716,0,,
2717,0,1,1
2718,1,1,0
2719,1,,
2720,0,0,0
2721,0,0,0
2722,0,0,0
2723,0,0,0
2724,0,1,1
2725,1,1,0
2726,1,2,1
2727,2,3,1
2728,3,4,1
2729,4,,
2730,0,1,1
2731,1,0,-1
2732,0,0,0
2733,0,0,0
2734,0,0,0
2735,0,0,0
2736,0,0,0
2737,0,0,0
2738,0,,
2739,0,0,0
2740,0,1,1
2741,1,1,0
2742,1,,
2743,0,,
2744,1,,
2745,0,,
2746,0,,
2747,1,1,0
2748,1,4,3
2749,4,,
2750,0,0,0
2751,0,,
2752,0,,
2753,1,,
2754,2,,
2755,1,,
2756,0,4,4
2757,4,,
2758,0,,
2759,0,1,1
2760,1,,
2761,0,1,1
2762,1,,
2763,1,,
2764,1,,
2765,0,1,1
2766,1,,
2767,0,,
2768,0,0,0
2769,0,,
2770,0,,
2771,0,,
2772,0,1,1
2773,1,0,-1
2774,0,,
2775,0,,
2776,0,1,1
2777,1,,
2778,0,0,0
2779,0,1,1
2780,1,1,0
2781,1,,
2782,0,,
2783,1,4,3
2784,4,,
2785,0,3,3
2786,3,3,0
2787,3,4,1
2788,4,,
2789,0,0,0
2790,0,0,0
2791,0,0,0
2792,0,,
2793,0,,
2794,0,0,0
2795,0,,
2796,0,,
2797,0,1,1
2798,1,4,3
2799,4,,
2800,0,2,2
2801,2,,
2802,0,0,0
2803,0,0,0
2804,0,0,0
2805,0,,
2806,0,0,0
2807,0,0,0
2808,0,,
2809,0,0,0
2810,0,,
2811,4,,
2812,2,,
2813,0,0,0
2814,0,,
2815,0,,
2816,0,0,0
2817,0,0,0
2818,0,,
2819,4,,
2820,4,,
2821,4,,
2822,4,,
2823,0,0,0
2824,0,1,1
2825,1,,
2826,0,1,1
2827,1,4,3
2828,4,,
2829,0,2,2
2830,2,,
2831,0,,
2832,4,,
2833,2,,
2834,2,,
2835,1,,
2836,2,,
2837,4,,
2838,1,,
2839,4,,
2840,1,,
2841,0,1,1
2842,1,1,0
2843,1,4,3
2844,4,,
2845,0,,
2846,4,,
2847,0,0,0
2848,0,1,1
2849,1,,
2850,0,0,0
2851,0,0,0
2852,0,,
2853,0,,
2854,0,,
2855,1,1,0
2856,1,1,0
2857,1,1,0
2858,1,2,1
2859,2,,
2860,4,,
2861,0,0,0
2862,0,0,0
2863,0,0,0
2864,0,0,0
2865,0,,
2866,0,0,0
2867,0,1,1
2868,1,1,0
2869,1,1,0
2870,1,1,0
2871,1,,
2872,0,,
2873,0,0,0
2874,0,0,0
2875,0,0,0
2876,0,0,0
2877,0,0,0
2878,0,,
2879,1,,
2880,0,,
2881,0,0,0
2882,0,4,4
2883,4,,
2884,4,,
2885,0,1,1
2886,1,,
2887,0,1,1
2888,1,2,1
2889,2,2,0
2890,2,4,2
2891,4,,
2892,1,1,0
2893,1,4,3
2894,4,,
2895,0,,
2896,0,0,0
2897,0,0,0
2898,0,0,0
2899,0,0,0
2900,0,0,0
2901,0,0,0
2902,0,,
2903,4,,
2904,0,1,1
2905,1,3,2
2906,3,,
2907,1,1,0
2908,1,4,3
2909,4,,
2910,0,,
2911,4,,
2912,0,0,0
2913,0,1,1
2914,1,1,0
2915,1,1,0
2916,1,,
2917,0,1,1
2918,1,1,0
2919,1,1,0
2920,1,,
2921,0,,
2922,0,0,0
2923,0,1,1
2924,1,1,0
2925,1,4,3
2926,4,,
2927,1,1,0
2928,1,0,-1
2929,0,,
2930,0,0,0
2931,0,,
2932,0,,
2933,0,1,1
2934,1,4,3
2935,4,,
2936,0,1,1
2937,1,,
2938,4,,
2939,1,,
2940,1,1,0
2941,1,2,1
2942,2,4,2
2943,4,4,0
2944,4,,
2945,0,,
2946,0,0,0
2947,0,0,0
2948,0,0,0
2949,0,,
2950,0,4,4
2951,4,,
2952,0,,
2953,0,0,0
2954,0,0,0
2955,0,,
