"codeProbId";"participantId";"problemNum";"isTimed";"fwdSteps";"backSteps";"stepRevisits";"totalSteps";"totalExecutionVizSessions";"score"
1;3137;1;1;2;0;0;2;5;0
2;3137;2;1;3;4;0;7;4;1
3;3137;1;0;0;0;0;0;1;0
4;3137;2;0;0;0;0;0;1;1
5;3137;1;0;0;0;0;0;1;4
6;3137;2;0;9;7;7;16;2;4
7;3152;1;1;77;0;0;77;5;4
8;3152;2;1;0;0;0;0;0;0
9;3152;1;0;0;0;0;0;1;4
10;3152;2;0;5;0;0;5;5;4
11;3162;1;1;1;0;0;1;1;4
12;3162;2;1;2;0;0;2;2;2
13;3162;1;0;0;0;0;0;1;4
14;3162;2;0;0;0;0;0;1;2
15;3174;1;1;38;5;8;43;3;4
16;3174;2;1;36;0;0;36;3;1
17;3174;1;0;0;0;0;0;1;4
18;3174;2;0;70;2;4;72;6;4
19;3178;1;1;176;2;8;178;3;1
20;3178;2;1;61;0;0;61;3;0
21;3181;1;1;108;19;33;127;6;1
22;3178;1;0;0;0;0;0;0;0
23;3178;2;0;0;0;0;0;1;0
24;3183;1;1;14;0;0;14;3;0
25;3183;2;1;0;0;0;0;1;0
26;3193;1;1;4;2;3;6;1;0
27;3193;2;1;1;0;0;1;1;0
28;3222;1;1;51;14;15;65;3;4
29;3222;2;1;0;0;0;0;0;0
30;3222;1;0;0;0;0;0;1;4
31;3222;2;0;78;0;0;78;3;2
32;3239;1;1;29;0;0;29;5;1
33;3249;1;1;55;3;10;58;5;1
34;3249;2;1;2;0;0;2;1;0
35;3249;1;0;0;0;0;0;1;1
36;3249;2;0;1;0;0;1;3;2
37;3249;1;0;0;0;0;0;1;1
38;3249;2;0;1;0;0;1;3;2
39;3256;1;1;172;30;46;202;3;1
40;3256;2;1;13;0;0;13;1;0
41;3256;1;0;58;0;0;58;4;4
42;3256;2;0;3;0;0;3;3;4
43;3284;1;1;7;0;0;7;1;0
44;3290;1;1;54;13;14;67;4;1
45;3290;2;1;1;1;0;2;1;1
46;3290;1;0;0;0;0;0;0;0
47;3290;2;0;0;0;0;0;0;0
48;3295;1;1;0;0;0;0;2;0
49;3295;2;1;21;0;0;21;1;0
50;3295;1;0;0;0;0;0;0;0
51;3295;2;0;25;16;17;41;1;0
52;3321;1;1;3;0;0;3;3;1
53;3321;2;1;0;0;0;0;0;0
54;3326;1;1;40;0;0;40;3;1
55;3326;2;1;35;0;0;35;2;1
56;3326;1;0;0;0;0;0;1;0
57;3326;2;0;0;0;0;0;1;1
58;3338;1;1;85;17;17;102;4;4
59;3338;2;1;55;0;0;55;3;4
60;3338;1;0;0;0;0;0;1;4
61;3338;2;0;0;0;0;0;1;4
62;3363;1;1;0;0;0;0;0;0
63;3364;1;1;33;3;4;36;2;1
64;3364;2;1;3;0;0;3;4;0
65;3371;1;1;8;0;0;8;2;0
66;3371;2;1;46;0;0;46;5;0
67;3371;1;0;0;0;0;0;1;0
68;3371;2;0;0;0;0;0;1;0
69;3372;1;1;8;0;0;8;1;0
70;3392;1;1;156;0;0;156;5;4
71;3392;2;1;37;0;0;37;1;1
72;3321;1;0;27;3;2;30;3;4
73;3321;2;0;2;0;0;2;2;4
74;3398;1;1;145;17;19;162;7;2
75;3398;2;1;0;0;0;0;0;0
76;3398;1;0;0;0;0;0;1;2
77;3398;2;0;0;0;0;0;0;0
78;3418;1;1;59;10;14;69;7;1
79;3418;2;1;0;0;0;0;0;0
80;3419;1;1;61;36;63;97;2;1
81;3418;1;0;0;0;0;0;1;1
82;3418;2;0;0;0;0;0;0;0
83;3419;2;1;0;0;0;0;0;0
84;3419;1;0;0;0;0;0;0;0
85;3419;2;0;0;0;0;0;0;0
86;3423;1;1;6;0;0;6;1;0
87;3423;2;1;0;0;0;0;0;0
88;3429;1;1;19;4;5;23;2;1
89;3431;1;1;184;3;4;187;6;4
90;3429;2;1;20;0;0;20;1;0
91;3431;2;1;0;0;0;0;0;0
92;3431;1;0;0;0;0;0;1;4
93;3431;2;0;0;0;0;0;0;0
94;3441;1;1;2;1;0;3;2;1
95;3444;1;1;2;0;0;2;2;4
96;3444;2;1;2;0;0;2;2;1
97;3444;1;0;0;0;0;0;1;4
98;3444;2;0;0;0;0;0;0;0
99;3429;1;0;23;1;2;24;4;4
100;3429;2;0;0;0;0;0;0;0
101;3452;1;1;50;0;0;50;4;4
102;3452;2;1;21;0;0;21;3;0
103;3452;1;0;0;0;0;0;1;4
104;3452;2;0;10;0;0;10;1;1
105;3460;1;1;7;1;1;8;1;0
106;3460;2;1;21;0;0;21;1;0
107;3460;1;0;93;15;15;108;3;4
108;3460;2;0;91;2;2;93;8;4
109;3474;1;1;11;5;8;16;1;0
110;3474;2;1;21;0;0;21;1;0
111;3474;1;0;0;0;0;0;0;0
112;3474;2;0;0;0;0;0;1;0
113;3476;1;1;152;0;0;152;5;1
114;3476;2;1;4;0;0;4;2;1
115;3476;1;0;69;0;0;69;2;4
116;3476;2;0;0;0;0;0;0;0
117;3517;1;1;35;0;0;35;5;0
118;3520;1;1;104;5;3;109;5;4
119;3520;2;1;22;0;0;22;2;0
120;3520;1;0;0;0;0;0;1;4
121;3520;2;0;0;0;0;0;1;0
122;3544;1;1;11;0;0;11;2;0
123;3544;2;1;0;0;0;0;0;0
124;3519;1;1;22;2;4;24;3;1
125;3519;2;1;2;0;0;2;1;0
126;3555;1;1;7;6;3;13;6;2
127;3555;2;1;0;0;0;0;0;2
128;3555;1;0;0;0;0;0;0;0
129;3555;2;0;0;0;0;0;0;0
130;3583;1;1;0;0;0;0;0;1
131;3591;1;1;93;25;44;118;4;2
132;3591;2;1;0;0;0;0;0;1
133;3592;1;1;1;0;0;1;1;0
134;3593;1;1;51;1;1;52;3;1
135;3591;1;0;45;2;4;47;3;4
136;3591;2;0;2;0;0;2;2;2
137;3592;2;1;0;0;0;0;0;0
138;3596;1;1;0;0;0;0;0;0
139;3596;2;1;0;0;0;0;0;0
140;3593;2;1;0;0;0;0;0;0
141;3595;1;1;25;0;0;25;3;4
142;3595;2;1;0;0;0;0;0;0
143;3606;1;1;152;8;8;160;8;2
144;3593;1;0;284;2;24;286;12;4
145;3593;2;0;99;4;2;103;11;1
146;3606;2;1;31;0;0;31;4;1
147;3606;1;0;0;0;0;0;1;2
148;3606;2;0;0;0;0;0;1;1
149;3611;1;1;0;0;0;0;0;0
150;3611;2;1;26;1;2;27;3;0
151;3628;1;1;0;0;0;0;0;0
152;3645;1;1;11;3;3;14;4;1
153;3645;2;1;1;0;0;1;1;1
154;3645;1;0;0;0;0;0;0;0
155;3645;2;0;0;0;0;0;0;0
156;3617;1;1;20;0;0;20;4;0
157;3617;2;1;25;0;0;25;3;0
158;3617;1;0;0;0;0;0;1;0
159;3617;2;0;0;0;0;0;1;0
160;3648;1;1;6;0;0;6;1;0
161;3663;1;1;22;2;2;24;4;2
162;3663;2;1;0;0;0;0;2;0
163;3663;1;0;2;1;1;3;2;4
164;3663;2;0;2;1;1;3;1;0
165;3666;1;1;2;2;1;4;2;4
166;3666;2;1;7;5;2;12;6;4
167;3666;1;0;0;0;0;0;1;4
168;3666;2;0;0;0;0;0;1;4
169;3670;1;1;79;2;2;81;3;4
170;3670;2;1;17;0;0;17;1;0
171;3675;1;1;1;0;0;1;1;0
172;3675;2;1;1;0;0;1;1;0
173;3675;1;0;0;0;0;0;1;0
174;3675;2;0;0;0;0;0;1;0
175;3676;1;1;5;46;6;51;2;4
176;3670;1;0;0;0;0;0;1;4
177;3670;2;0;3;0;0;3;3;2
178;3678;1;1;0;0;0;0;1;4
179;3678;2;1;0;0;0;0;0;0
180;3678;1;0;0;0;0;0;1;4
181;3678;2;0;0;0;0;0;0;0
182;3668;1;1;14;0;0;14;2;0
183;3668;2;1;0;0;0;0;0;0
184;3668;1;0;0;0;0;0;0;0
185;3668;2;0;0;0;0;0;0;0
186;3689;1;1;17;1;2;18;2;1
187;3700;1;1;69;6;2;75;4;4
188;3702;1;1;40;1;1;41;6;4
189;3700;2;1;52;1;1;53;2;1
190;3700;1;0;0;0;0;0;1;4
191;3700;2;0;14;0;0;14;3;2
192;3702;1;0;0;0;0;0;1;4
193;3559;1;1;37;32;10;69;4;2
194;3559;2;1;0;0;0;0;0;0
195;3559;1;0;0;0;0;0;1;2
196;3559;2;0;0;0;0;0;0;0
197;3728;1;1;61;0;0;61;1;2
198;3728;2;1;0;0;0;0;0;0
199;3733;1;1;31;2;7;33;4;4
200;3733;2;1;11;0;0;11;3;0
201;3733;1;0;0;0;0;0;1;4
202;3733;2;0;0;0;0;0;1;0
203;3738;1;1;111;12;15;123;6;4
204;3738;2;1;0;0;0;0;0;0
205;3738;1;0;0;0;0;0;1;4
206;3738;2;0;254;34;54;288;8;1
207;3728;1;0;200;8;73;208;4;4
208;3728;2;0;0;0;0;0;0;0
209;3749;1;1;11;0;0;11;3;4
210;3749;2;1;2;0;0;2;2;2
211;3749;1;0;0;0;0;0;1;4
212;3749;2;0;0;0;0;0;1;2
213;3751;1;1;19;2;2;21;6;0
214;3751;2;1;0;0;0;0;0;0
215;3751;1;0;0;0;0;0;0;0
216;3751;2;0;0;0;0;0;0;0
217;3756;1;1;93;1;1;94;8;4
218;3756;2;1;0;0;0;0;0;0
219;3756;1;0;0;0;0;0;1;4
220;3756;2;0;37;0;0;37;3;1
221;3770;1;1;0;0;0;0;4;0
222;3772;1;1;22;5;6;27;3;0
223;3772;2;1;51;10;20;61;2;1
224;3773;1;1;79;0;0;79;4;2
225;3773;2;1;21;0;0;21;1;0
226;3773;1;0;56;0;0;56;3;4
227;3773;2;0;7;24;3;31;4;3
228;3790;1;1;118;9;14;127;4;2
229;3790;2;1;32;0;0;32;1;1
230;3801;1;1;19;3;6;22;4;0
231;3806;1;1;31;0;0;31;2;4
232;3806;2;1;0;0;0;0;0;0
233;3811;1;1;13;10;15;23;2;1
234;3811;2;1;13;5;8;18;1;0
235;3812;1;1;103;14;14;117;4;1
236;3813;1;1;8;0;0;8;1;0
237;3815;1;1;1;0;0;1;1;4
238;3813;2;1;21;0;0;21;1;0
239;3812;2;1;0;0;0;0;0;0
240;3815;2;1;0;0;0;0;0;2
241;3816;1;1;63;0;0;63;5;1
242;3822;1;1;10;0;0;10;2;0
243;3822;2;1;0;0;0;0;0;0
244;3826;1;1;56;0;0;56;6;1
245;3843;1;1;43;15;15;58;6;3
246;3847;1;1;37;0;0;37;5;1
247;3853;1;1;8;2;2;10;1;0
248;3857;1;1;41;10;13;51;4;1
249;3858;1;1;12;1;1;13;3;0
250;3859;1;1;21;4;6;25;4;1
251;3859;2;1;0;0;0;0;0;0
252;3858;2;1;0;0;0;0;0;0
253;3858;1;0;0;0;0;0;1;0
254;3858;2;0;43;1;2;44;3;0
255;3863;1;1;50;1;1;51;2;1
256;3863;2;1;1;0;0;1;1;2
257;3864;1;1;84;11;22;95;5;1
258;3864;2;1;0;0;0;0;0;0
259;3864;1;0;0;0;0;0;1;1
260;3864;2;0;0;0;0;0;0;0
261;3870;1;1;8;0;0;8;1;0
262;3870;2;1;0;0;0;0;0;1
263;3870;1;0;0;0;0;0;0;0
264;3870;2;0;0;0;0;0;0;0
265;3888;1;1;73;2;3;75;3;1
266;3896;1;1;2;0;0;2;2;4
267;3903;1;1;1;0;0;1;1;4
268;3903;2;1;1;0;0;1;1;0
269;3903;1;0;0;0;0;0;1;4
270;3903;2;0;2;0;0;2;3;1
271;3906;1;1;7;0;0;7;1;0
272;3790;1;0;32;0;0;32;3;2
273;3790;2;0;122;22;14;144;7;4
274;3933;1;1;34;2;2;36;7;0
275;3933;2;1;1;0;0;1;1;0
276;3933;1;0;0;0;0;0;0;0
277;3933;2;0;0;0;0;0;1;0
278;3937;1;1;25;0;0;25;5;4
279;3937;2;1;21;0;0;21;1;0
280;3937;1;0;0;0;0;0;1;4
281;3937;2;0;39;2;4;41;4;4
282;3970;1;1;0;0;0;0;0;0
283;3970;2;1;0;0;0;0;0;0
284;3967;1;1;101;13;13;114;6;1
285;3973;1;1;144;11;16;155;11;3
286;3980;1;1;23;0;0;23;2;4
287;3980;2;1;0;0;0;0;0;0
288;4007;1;1;23;2;1;25;4;1
289;4013;1;1;1;0;0;1;1;4
290;4019;1;1;38;0;0;38;9;0
291;4019;2;1;0;0;0;0;0;0
292;4013;2;1;0;0;0;0;0;0
293;4035;1;1;32;0;0;32;1;4
294;4035;2;1;0;0;0;0;0;0
295;4039;1;1;53;0;0;53;6;4
296;4039;2;1;3;0;0;3;3;1
297;4045;1;1;49;0;0;49;1;4
298;4039;1;0;0;0;0;0;1;4
299;4039;2;0;2;0;0;2;3;2
300;4049;1;1;5;2;1;7;6;2
301;4049;2;1;0;0;0;0;0;0
302;4049;1;0;0;0;0;0;1;1
303;4049;2;0;0;0;0;0;0;0
304;4119;1;1;14;7;5;21;8;4
305;4119;2;1;1;0;0;1;1;4
306;4133;1;1;43;10;13;53;3;1
307;4140;1;1;8;0;0;8;1;0
308;4140;2;1;2;0;0;2;1;0
309;4160;1;1;8;0;0;8;1;0
310;4160;2;1;0;0;0;0;1;0
311;4160;1;0;0;0;0;0;0;0
312;4160;2;0;0;0;0;0;1;0
313;4165;1;1;29;2;0;31;4;2
314;4180;1;1;117;24;49;141;5;4
315;4180;2;1;0;0;0;0;0;0
316;4186;1;1;2;0;0;2;2;4
317;4185;1;1;71;14;34;85;3;1
318;4186;2;1;1;0;0;1;1;2
319;4186;1;0;0;0;0;0;1;4
320;4186;2;0;0;0;0;0;1;2
321;4188;1;1;9;0;0;9;1;4
322;4189;1;1;100;5;7;105;4;4
323;4189;2;1;26;0;0;26;2;1
324;4188;2;1;0;0;0;0;0;0
325;4188;1;0;0;0;0;0;1;4
326;4188;2;0;0;0;0;0;0;0
327;4189;1;0;0;0;0;0;1;4
328;4189;2;0;48;0;0;48;6;4
329;4217;1;1;10;0;0;10;3;0
330;4217;2;1;0;0;0;0;0;0
331;4222;1;1;21;0;0;21;3;4
332;4222;2;1;0;0;0;0;0;0
333;4228;1;1;11;8;11;19;2;0
334;4228;2;1;0;0;0;0;0;0
335;4228;1;0;7;0;0;7;1;0
336;4228;2;0;0;0;0;0;0;0
337;4236;1;1;0;0;0;0;2;0
338;4236;2;1;24;7;12;31;1;0
339;4248;1;1;18;0;0;18;6;0
340;4249;1;1;73;3;3;76;5;1
341;4253;1;1;3;0;0;3;1;0
342;4253;2;1;0;0;0;0;0;0
343;4253;1;0;0;0;0;0;0;0
344;4253;2;0;0;0;0;0;0;0
345;4217;1;0;0;0;0;0;1;0
346;4217;2;0;0;0;0;0;0;0
347;4265;1;1;17;0;0;17;1;4
348;4265;2;1;0;0;0;0;0;0
349;4274;1;1;0;0;0;0;2;0
350;4290;1;1;48;0;0;48;3;4
351;4290;2;1;4;0;0;4;3;4
352;4290;1;0;0;0;0;0;1;4
353;4290;2;0;0;0;0;0;1;4
354;4302;1;1;12;1;1;13;1;0
355;4302;2;1;0;0;0;0;0;0
356;4302;1;0;0;0;0;0;0;0
357;4302;2;0;0;0;0;0;0;0
358;4356;1;1;31;0;0;31;2;2
359;4356;2;1;11;0;0;11;3;0
360;4362;1;1;0;0;0;0;0;0
361;4362;2;1;0;0;0;0;1;1
362;4362;1;0;0;0;0;0;0;0
363;4362;2;0;0;0;0;0;2;2
364;4364;1;1;0;0;0;0;0;0
365;4364;2;1;0;0;0;0;0;2
366;4364;1;0;0;0;0;0;0;0
367;4364;2;0;0;0;0;0;0;0
368;4370;1;1;94;68;99;162;4;1
369;4370;2;1;68;1;1;69;3;0
370;4370;1;0;0;0;0;0;0;0
371;4370;2;0;72;0;0;72;8;0
372;4315;1;1;13;2;2;15;3;0
373;4315;2;1;1;0;0;1;1;0
374;4292;1;1;0;0;0;0;0;0
375;4403;1;1;8;0;0;8;1;0
376;4403;2;1;0;0;0;0;1;0
377;4407;1;1;21;10;18;31;2;0
378;4407;2;1;93;0;0;93;4;1
379;4416;1;1;21;0;0;21;2;4
380;4416;2;1;0;0;0;0;0;0
381;4427;1;1;30;1;1;31;3;1
382;4427;2;1;1;0;0;1;3;0
383;4315;1;0;0;0;0;0;0;0
384;4315;2;0;0;0;0;0;0;0
385;4436;1;1;69;5;7;74;4;4
386;4436;2;1;0;0;0;0;0;0
387;4403;1;0;180;37;72;217;10;4
388;4403;2;0;0;0;0;0;1;0
389;4407;1;0;58;4;7;62;7;4
390;4407;2;0;0;0;0;0;1;1
391;4442;1;1;0;0;0;0;0;0
392;4427;1;0;2;0;0;2;1;1
393;4427;2;0;2;0;0;2;2;1
394;4458;1;1;71;0;0;71;5;4
395;4458;2;1;2;0;0;2;2;1
396;4458;1;0;0;0;0;0;1;4
397;4458;2;0;3;0;0;3;4;3
398;4480;1;1;34;3;0;37;3;4
399;4480;2;1;2;0;0;2;4;2
400;4480;1;0;0;0;0;0;1;4
401;4480;2;0;0;0;0;0;1;2
402;4506;1;1;75;4;8;79;3;4
403;4506;2;1;1;0;0;1;2;0
404;4506;1;0;0;0;0;0;1;4
405;4506;2;0;13;0;0;13;2;0
406;4540;1;1;88;2;19;90;6;4
407;4540;2;1;13;2;2;15;1;0
408;4540;1;0;0;0;0;0;1;4
409;4540;2;0;34;1;2;35;5;2
410;4546;1;1;72;0;0;72;2;4
411;4546;2;1;0;0;0;0;0;0
412;4546;1;0;0;0;0;0;1;4
413;4546;2;0;0;0;0;0;0;0
414;4548;1;1;24;3;2;27;4;1
415;4548;2;1;1;0;0;1;1;0
416;4550;1;1;21;3;4;24;2;1
417;4548;1;0;0;0;0;0;1;1
418;4548;2;0;0;0;0;0;1;0
419;4560;1;1;30;0;0;30;2;4
420;4560;2;1;22;0;0;22;3;2
421;4560;1;0;0;0;0;0;1;4
422;4560;2;0;12;0;0;12;2;4
423;4562;1;1;7;0;0;7;1;4
424;4562;2;1;11;0;0;11;1;4
425;4562;1;0;0;0;0;0;1;4
426;4562;2;0;0;0;0;0;1;4
427;4565;1;1;8;2;2;10;1;0
428;4565;2;1;0;0;0;0;0;0
429;4565;1;0;0;0;0;0;1;0
430;4565;2;0;0;0;0;0;0;0
431;4291;1;1;8;2;2;10;1;0
432;4236;1;0;5;7;4;12;3;1
433;4236;2;0;0;0;0;0;0;0
434;4587;1;1;86;3;12;89;2;1
435;4587;2;1;0;0;0;0;0;0
436;4598;1;1;8;0;0;8;1;0
437;4598;2;1;21;0;0;21;1;0
438;4608;1;1;50;2;2;52;4;1
439;4608;2;1;21;0;0;21;1;0
440;4608;1;0;0;0;0;0;0;0
441;4608;2;0;0;0;0;0;0;0
442;4623;1;1;0;0;0;0;0;0
443;4627;1;1;3;1;1;4;1;0
444;4628;1;1;105;13;22;118;4;2
445;4628;2;1;0;0;0;0;0;0
446;4647;1;1;9;8;9;17;1;0
447;4647;2;1;1;0;0;1;1;0
448;4649;1;1;0;0;0;0;7;0
449;4649;2;1;0;0;0;0;0;0
450;4659;1;1;4;1;0;5;4;4
451;4659;2;1;1;0;0;1;1;2
452;4659;1;0;0;0;0;0;1;4
453;4659;2;0;0;0;0;0;0;0
454;4673;1;1;14;1;7;15;1;0
455;4669;1;1;28;0;0;28;2;1
456;4669;2;1;0;0;0;0;1;0
457;4669;1;0;0;0;0;0;0;0
458;4669;2;0;0;0;0;0;0;0
459;4684;1;1;102;0;0;102;7;4
460;4684;2;1;33;0;0;33;2;0
461;4684;1;0;0;0;0;0;1;4
462;4684;2;0;30;2;0;32;3;2
463;4689;1;1;13;3;0;16;7;1
464;4689;2;1;6;4;0;10;6;1
465;4689;1;0;0;0;0;0;1;1
466;4689;2;0;0;0;0;0;1;0
467;4709;1;1;59;2;3;61;4;1
468;4709;2;1;2;0;0;2;2;0
469;4709;1;0;0;0;0;0;1;1
470;4709;2;0;15;0;0;15;8;0
471;4715;1;1;161;1;26;162;4;4
472;4715;2;1;43;0;0;43;2;2
473;4715;1;0;0;0;0;0;1;4
474;4715;2;0;0;0;0;0;1;2
475;4729;1;1;26;2;2;28;6;0
476;4732;1;1;14;8;8;22;1;1
477;4754;1;1;36;2;5;38;3;1
478;4755;1;1;66;14;22;80;5;1
479;4695;1;1;21;11;24;32;1;0
480;4695;2;1;0;0;0;0;0;0
481;4695;1;0;0;0;0;0;1;0
482;4695;2;0;0;0;0;0;0;0
483;4807;1;1;1;0;0;1;5;0
484;4807;2;1;23;1;2;24;2;1
485;4807;1;0;0;0;0;0;0;0
486;4807;2;0;0;0;0;0;0;0
487;4741;1;1;6;1;1;7;7;4
488;4741;2;1;2;0;0;2;2;2
489;4741;1;0;0;0;0;0;1;4
490;4741;2;0;21;1;1;22;3;4
491;4847;1;1;19;1;1;20;3;0
492;4844;1;1;16;0;0;16;3;1
493;4844;2;1;0;0;0;0;0;0
494;4850;1;1;15;2;2;17;3;1
495;4850;2;1;7;0;0;7;1;0
496;4855;1;1;82;0;0;82;3;1
497;4855;2;1;0;0;0;0;0;0
498;4855;1;0;0;0;0;0;1;1
499;4855;2;0;0;0;0;0;0;0
500;4860;1;1;1;0;0;1;1;4
501;4860;2;1;1;0;0;1;1;4
502;4860;1;0;0;0;0;0;1;4
503;4860;2;0;0;0;0;0;1;4
504;4874;1;1;4;2;1;6;3;1
505;4874;2;1;0;0;0;0;0;0
506;4897;1;1;47;0;0;47;3;4
507;4897;2;1;1;0;0;1;2;4
508;4897;1;0;0;0;0;0;1;4
509;4897;2;0;0;0;0;0;1;4
510;4909;1;1;22;0;0;22;3;0
511;4914;1;1;14;0;0;14;2;0
512;4915;1;1;3;0;0;3;3;4
513;4915;2;1;0;0;0;0;0;0
514;4908;1;1;0;0;0;0;0;0
515;4936;1;1;39;30;36;69;5;1
516;4936;2;1;12;8;7;20;5;2
517;4962;1;1;103;29;28;132;2;4
518;4962;2;1;39;0;0;39;1;1
519;4963;1;1;8;0;0;8;1;0
520;4962;1;0;0;0;0;0;1;4
521;4962;2;0;123;25;34;148;3;4
522;5004;1;1;55;3;4;58;4;4
523;5007;1;1;24;4;7;28;6;0
524;5007;2;1;21;0;0;21;1;0
525;5017;1;1;28;8;9;36;2;4
526;5017;2;1;3;0;0;3;3;4
527;5017;1;0;0;0;0;0;1;4
528;5017;2;0;0;0;0;0;0;0
529;5018;1;1;26;0;0;26;5;0
530;5018;2;1;60;21;27;81;5;0
531;5018;1;0;0;0;0;0;1;0
532;5018;2;0;98;13;14;111;7;4
533;5036;1;1;9;4;6;13;5;0
534;5036;2;1;73;3;11;76;4;1
535;5036;1;0;141;6;11;147;6;4
536;5036;2;0;0;0;0;0;1;1
537;5043;1;1;34;3;4;37;3;4
538;5043;2;1;1;0;0;1;2;0
539;5043;1;0;0;0;0;0;1;4
540;5043;2;0;0;0;0;0;0;0
541;5048;1;1;31;1;1;32;3;1
542;5048;2;1;21;0;0;21;1;0
543;5062;1;1;0;0;0;0;2;0
544;5065;1;1;109;0;0;109;3;2
545;5065;2;1;18;0;0;18;1;0
546;5065;1;0;0;0;0;0;1;2
547;5065;2;0;0;0;0;0;0;0
548;5085;1;1;27;4;7;31;5;1
549;5085;2;1;12;0;0;12;1;0
550;5092;1;1;0;0;0;0;0;0
551;5092;2;1;0;0;0;0;0;0
552;5092;1;0;0;0;0;0;0;0
553;5092;2;0;0;0;0;0;0;0
554;5095;1;1;66;32;51;98;5;1
555;5104;1;1;11;2;5;13;1;0
556;5104;2;1;22;0;0;22;2;1
557;5113;1;1;11;27;5;38;6;1
558;5113;2;1;6;12;8;18;2;1
559;5113;1;0;2;0;0;2;3;1
560;5113;2;0;5;1;1;6;5;4
561;5116;1;1;5;0;0;5;3;4
562;5116;2;1;1;0;0;1;1;4
563;5116;1;0;0;0;0;0;1;4
564;5116;2;0;0;0;0;0;1;4
565;5118;1;1;52;35;60;87;1;1
566;5104;1;0;140;7;13;147;6;1
567;5118;2;1;24;0;0;24;2;0
568;5118;1;0;0;0;0;0;1;1
569;5118;2;0;0;0;0;0;1;0
570;5085;1;0;0;0;0;0;0;0
571;5085;2;0;0;0;0;0;0;0
572;5141;1;1;69;4;12;73;2;1
573;5141;2;1;12;0;0;12;5;1
574;5141;1;0;59;13;10;72;12;4
575;5141;2;0;0;0;0;0;0;0
576;5145;1;1;50;0;0;50;4;1
577;5145;2;1;2;0;0;2;3;2
578;5145;1;0;0;0;0;0;1;1
579;5145;2;0;0;0;0;0;1;2
580;5152;1;1;21;0;0;21;1;4
581;5157;1;1;74;7;14;81;5;1
582;5157;2;1;39;0;0;39;2;0
583;5170;1;1;29;0;0;29;6;4
584;5170;2;1;36;0;0;36;2;0
585;5170;1;0;0;0;0;0;1;4
586;5170;2;0;59;0;0;59;6;4
587;5246;1;1;127;0;0;127;4;4
588;5246;2;1;0;0;0;0;0;2
589;5246;1;0;0;0;0;0;1;1
590;5246;2;0;2;0;0;2;2;4
591;5297;1;1;26;8;13;34;3;1
592;5351;1;1;1;0;0;1;2;0
593;5351;2;1;0;0;0;0;0;0
594;5351;1;0;0;0;0;0;0;0
595;5351;2;0;0;0;0;0;0;0
596;5363;1;1;84;2;2;86;3;1
597;5363;2;1;1;0;0;1;1;0
598;5370;1;1;14;3;3;17;3;0
599;5370;2;1;21;0;0;21;2;0
600;5370;1;0;0;0;0;0;1;0
601;5370;2;0;0;0;0;0;1;0
602;5388;1;1;16;0;0;16;2;1
603;5388;2;1;4;0;0;4;4;1
604;5388;1;0;0;0;0;0;0;0
605;5388;2;0;0;0;0;0;0;0
606;5400;1;1;8;0;0;8;2;0
607;5400;2;1;0;0;0;0;1;0
608;5408;1;1;69;0;0;69;2;4
609;5408;2;1;0;0;0;0;0;0
610;5413;1;1;6;0;0;6;3;0
611;0;1;1;9;0;0;9;2;0
612;0;2;1;0;0;0;0;0;1
613;0;1;0;160;1;1;161;8;4
614;5366;1;1;106;8;13;114;3;4
615;5366;2;1;0;0;0;0;0;0
616;5366;1;0;0;0;0;0;0;0
617;5366;2;0;61;0;0;61;4;2
618;5467;1;1;8;0;0;8;1;0
619;5476;1;1;57;0;0;57;5;2
620;5475;1;1;32;1;1;33;5;0
621;5475;2;1;10;0;0;10;1;0
622;5475;1;0;306;0;0;306;8;4
623;5475;2;0;0;0;0;0;1;0
624;5482;1;1;1;0;0;1;2;4
625;5482;2;1;0;0;0;0;0;0
626;5491;1;1;34;3;3;37;4;1
627;5500;1;1;22;10;16;32;2;0
628;5500;2;1;21;0;0;21;2;0
629;5498;1;1;2;2;0;4;3;1
630;5500;1;0;7;1;1;8;1;0
631;5500;2;0;0;0;0;0;1;0
632;5501;1;1;18;1;8;19;2;0
633;5501;2;1;21;0;0;21;1;0
634;5498;2;1;1;0;0;1;1;0
635;5501;1;0;0;0;0;0;1;0
636;5501;2;0;0;0;0;0;1;0
637;5090;1;1;13;7;1;20;6;1
638;5090;2;1;2;0;0;2;2;1
639;5090;1;0;2;0;0;2;3;4
640;5090;2;0;1;0;0;1;1;2
641;5513;1;1;23;6;8;29;2;1
642;5513;2;1;21;0;0;21;1;0
643;5516;1;1;137;44;59;181;8;4
644;5516;2;1;2;0;0;2;2;3
645;5516;1;0;0;0;0;0;1;4
646;5516;2;0;1;0;0;1;1;4
647;5529;1;1;144;12;16;156;7;4
648;5529;2;1;89;1;1;90;4;2
649;5529;1;0;0;0;0;0;1;4
650;5553;1;1;21;0;0;21;1;4
651;5563;1;1;15;2;3;17;2;0
652;5580;1;1;10;5;6;15;2;4
653;5482;1;0;0;0;0;0;1;4
654;5482;2;0;2;0;0;2;6;2
655;5580;2;1;35;26;11;61;5;2
656;5580;1;0;0;0;0;0;1;4
657;5580;2;0;1;0;0;1;2;4
658;5598;1;1;16;2;2;18;3;0
659;5598;2;1;0;0;0;0;0;0
660;5598;1;0;0;0;0;0;1;0
661;5598;2;0;0;0;0;0;0;0
662;5600;1;1;51;15;14;66;5;1
663;5603;1;1;151;1;2;152;7;4
664;5603;2;1;4;0;0;4;6;1
665;5603;1;0;0;0;0;0;1;4
666;5603;2;0;0;0;0;0;0;0
667;5609;1;1;37;0;0;37;5;4
668;5609;2;1;3;0;0;3;3;4
669;5609;1;0;0;0;0;0;1;4
670;5609;2;0;0;0;0;0;1;4
671;5620;2;1;1;0;0;1;1;0
672;5621;1;1;0;0;0;0;1;0
673;5629;1;1;40;16;16;56;4;4
674;5629;2;1;0;0;0;0;0;0
675;5634;1;1;27;0;0;27;3;0
676;5629;1;0;0;0;0;0;1;4
677;5629;2;0;180;92;121;272;12;4
678;5645;1;1;3;1;0;4;3;1
679;5645;2;1;0;0;0;0;0;0
680;5654;1;1;31;4;5;35;3;4
681;5645;1;0;6;5;3;11;3;4
682;5645;2;0;4;0;0;4;4;4
683;5654;2;1;0;0;0;0;0;0
684;5654;1;0;0;0;0;0;0;0
685;5654;2;0;0;0;0;0;0;0
686;5680;1;1;42;5;6;47;8;1
687;5680;2;1;22;0;0;22;2;0
688;5690;1;1;105;1;2;106;6;1
689;5692;1;1;32;0;0;32;4;2
690;5690;2;1;23;0;0;23;3;1
691;5692;2;1;21;0;0;21;1;1
692;5692;1;0;0;0;0;0;1;2
693;5692;2;0;0;0;0;0;0;0
694;5690;1;0;75;1;1;76;3;1
695;5690;2;0;0;0;0;0;0;0
696;5713;1;1;42;20;25;62;5;1
697;5714;1;1;1;0;0;1;3;0
698;5713;2;1;26;4;12;30;1;0
699;5713;1;0;0;0;0;0;1;1
700;5713;2;0;1;0;0;1;1;0
701;5714;2;1;6;1;2;7;4;0
702;5714;1;0;76;16;26;92;9;0
703;5714;2;0;0;0;0;0;1;0
704;5717;1;1;0;0;0;0;1;0
705;5725;1;1;26;1;1;27;4;0
706;5725;2;1;47;0;0;47;6;1
707;5717;2;1;0;0;0;0;0;0
708;5744;1;1;31;8;15;39;3;0
709;5744;2;1;39;0;0;39;2;1
710;5744;1;0;0;0;0;0;0;0
711;5744;2;0;0;0;0;0;4;0
712;5759;1;1;4;1;1;5;11;0
713;5766;1;1;8;3;3;11;4;4
714;5766;2;1;6;1;1;7;1;0
715;5766;1;0;0;0;0;0;0;0
716;5766;2;0;0;0;0;0;0;0
717;5767;1;1;151;3;20;154;5;4
718;5767;2;1;71;1;2;72;4;1
719;5767;1;0;0;0;0;0;0;0
720;5767;2;0;12;0;0;12;2;1
721;5774;1;1;120;2;2;122;4;4
722;5774;2;1;0;0;0;0;0;0
723;5774;1;0;0;0;0;0;0;0
724;5774;2;0;2;0;0;2;2;0
725;5783;1;1;6;0;0;6;2;1
726;5725;1;0;124;7;17;131;11;1
727;5725;2;0;0;0;0;0;0;0
728;5793;1;1;35;0;0;35;2;1
729;5793;2;1;21;0;0;21;2;0
730;5793;1;0;0;0;0;0;1;1
731;5793;2;0;17;1;7;18;1;0
732;5800;1;1;16;0;0;16;3;1
733;5800;2;1;3;0;0;3;3;1
734;5800;1;0;0;0;0;0;1;1
735;5800;2;0;0;0;0;0;1;1
736;5803;1;1;6;0;0;6;2;0
737;5804;1;1;31;0;0;31;3;4
738;5804;2;1;0;0;0;0;0;0
739;5804;1;0;0;0;0;0;1;4
740;5804;2;0;0;0;0;0;4;0
741;5827;1;1;16;0;0;16;2;0
742;5827;2;1;4;0;0;4;1;0
743;5827;1;0;90;14;15;104;4;4
744;5827;2;0;44;0;0;44;3;1
745;5838;1;1;6;0;0;6;1;0
746;5838;2;1;21;0;0;21;1;0
747;5852;1;1;10;1;2;11;4;4
748;5852;2;1;1;0;0;1;1;3
749;5852;1;0;0;0;0;0;1;4
750;5852;2;0;2;0;0;2;3;4
751;5857;1;1;4;0;0;4;4;4
752;5857;2;1;1;0;0;1;3;0
753;5857;1;0;0;0;0;0;0;0
754;5857;2;0;0;0;0;0;1;0
755;5859;1;1;54;18;2;72;13;1
756;5859;2;1;17;1;0;18;5;1
757;5859;1;0;0;0;0;0;1;1
758;5859;2;0;2;0;0;2;3;2
759;5868;1;1;8;0;0;8;1;0
760;5868;2;1;21;0;0;21;1;0
761;5881;1;1;77;0;0;77;3;4
762;5885;1;1;138;1;1;139;6;4
763;5885;2;1;22;0;0;22;3;0
764;5885;1;0;0;0;0;0;1;4
765;5885;2;0;0;0;0;0;0;0
766;5900;1;1;2;0;0;2;1;4
767;5900;2;1;1;0;0;1;1;2
768;5900;1;0;0;0;0;0;1;4
769;5900;2;0;0;0;0;0;1;2
770;5903;1;1;63;0;0;63;3;4
771;5903;2;1;0;0;0;0;4;0
772;5903;1;0;0;0;0;0;1;4
773;5903;2;0;118;0;0;118;4;4
774;5957;1;1;135;33;61;168;4;4
775;5957;2;1;38;0;0;38;1;4
776;5957;1;0;0;0;0;0;1;4
777;5957;2;0;0;0;0;0;1;4
778;5967;1;1;21;12;18;33;2;0
779;5967;2;1;0;0;0;0;0;0
780;5988;1;1;8;2;2;10;1;0
781;5904;1;1;12;2;1;14;8;0
782;6014;1;1;82;0;0;82;3;2
783;6014;2;1;0;0;0;0;0;0
784;6014;1;0;224;3;3;227;9;4
785;6014;2;0;33;5;9;38;10;4
786;6025;1;1;42;0;0;42;6;0
787;6025;2;1;0;0;0;0;0;2
788;6025;1;0;0;0;0;0;0;0
789;6025;2;0;0;0;0;0;0;0
790;6038;1;1;13;0;0;13;1;1
791;6038;2;1;11;0;0;11;1;0
792;5995;1;1;5;0;0;5;3;0
793;5995;2;1;21;0;0;21;1;0
794;5995;1;0;0;0;0;0;1;0
795;5995;2;0;0;0;0;0;1;0
796;6104;1;1;16;1;1;17;3;0
797;6107;1;1;83;0;0;83;3;1
798;6104;2;1;16;0;0;16;1;0
799;6107;2;1;32;0;0;32;4;0
800;6107;1;0;51;0;0;51;4;4
801;6107;2;0;15;0;0;15;2;4
802;6107;1;0;51;0;0;51;4;4
803;6107;2;0;15;0;0;15;2;4
804;6121;1;1;23;1;0;24;5;4
805;6121;2;1;2;0;0;2;2;1
806;6121;1;0;0;0;0;0;1;4
807;6121;2;0;0;0;0;0;0;0
808;6039;1;1;19;1;0;20;3;1
809;6039;2;1;4;0;0;4;3;1
810;6039;1;0;0;0;0;0;0;0
811;6039;2;0;0;0;0;0;1;1
812;6175;1;1;0;0;0;0;0;0
813;6195;1;1;77;0;0;77;3;4
814;6195;2;1;0;0;0;0;0;0
815;6195;1;0;0;0;0;0;1;4
816;6195;2;0;0;0;0;0;0;0
817;6210;1;1;30;8;15;38;4;0
818;6210;2;1;2;0;0;2;1;0
819;6233;1;1;13;11;15;24;2;4
820;6234;1;1;1;0;0;1;1;4
821;6234;2;1;1;0;0;1;1;2
822;6234;1;0;0;0;0;0;1;4
823;6234;2;0;0;0;0;0;1;2
824;6279;1;1;35;0;0;35;5;0
825;6280;1;1;157;29;34;186;11;2
826;6279;2;1;0;0;0;0;1;0
827;6294;1;1;12;1;6;13;2;4
828;6294;2;1;10;15;9;25;2;0
829;6294;1;0;0;0;0;0;1;4
830;6294;2;0;3;0;0;3;8;1
831;6297;1;1;12;1;5;13;1;0
832;6314;1;1;25;1;1;26;4;1
833;6314;2;1;22;1;2;23;1;0
834;6326;1;1;60;1;1;61;4;1
835;6326;2;1;47;0;0;47;3;3
836;6326;1;0;0;0;0;0;0;0
837;6326;2;0;0;0;0;0;1;3
838;6371;1;1;27;9;15;36;4;0
839;6371;2;1;66;13;16;79;4;0
840;6385;1;1;46;4;4;50;5;1
841;6420;1;1;84;2;2;86;3;0
842;6429;1;1;8;0;0;8;1;0
843;6429;2;1;0;0;0;0;0;0
844;6441;1;1;46;4;6;50;4;1
845;6442;1;1;9;9;9;18;1;0
846;6456;1;1;54;5;6;59;3;4
847;6459;1;1;23;5;11;28;3;0
848;6459;2;1;21;0;0;21;1;0
849;6456;2;1;0;0;0;0;0;0
850;6459;1;0;0;0;0;0;1;0
851;6459;2;0;0;0;0;0;1;0
852;6463;1;1;12;0;0;12;2;1
853;6463;2;1;0;0;0;0;0;0
854;6463;1;0;0;0;0;0;0;0
855;6463;2;0;0;0;0;0;0;0
856;6472;1;1;1;0;0;1;1;2
857;6472;2;1;0;0;0;0;0;0
858;6472;1;0;0;0;0;0;0;0
859;6472;2;0;1;0;0;1;1;0
860;6478;1;1;95;5;9;100;3;4
861;6478;2;1;45;0;0;45;1;3
862;6480;1;1;8;1;1;9;1;0
863;6480;2;1;22;0;0;22;2;1
864;6480;1;0;0;0;0;0;1;0
865;6480;2;0;0;0;0;0;1;1
866;6487;1;1;8;0;0;8;1;0
867;6487;2;1;10;0;0;10;1;0
868;6489;1;1;19;4;7;23;2;0
869;6489;2;1;38;2;1;40;5;0
870;6502;1;1;63;7;9;70;3;4
871;6502;2;1;0;0;0;0;0;0
872;6519;1;1;0;0;0;0;0;0
873;6519;2;1;1;0;0;1;1;4
874;6520;1;1;1;0;0;1;1;0
875;6532;1;1;9;3;5;12;2;4
876;6519;1;0;0;0;0;0;0;0
877;6519;2;0;0;0;0;0;1;4
878;6532;2;1;39;0;0;39;5;1
879;6537;1;1;55;1;1;56;5;2
880;6537;2;1;9;0;0;9;1;0
881;6537;1;0;0;0;0;0;1;2
882;6537;2;0;2;0;0;2;2;4
883;6545;1;1;103;26;49;129;5;1
884;6545;2;1;17;1;1;18;4;0
885;6545;1;0;0;0;0;0;1;0
886;6545;2;0;0;0;0;0;1;0
887;6568;1;1;29;0;0;29;4;0
888;6567;1;1;18;4;5;22;4;1
889;6570;1;1;1;0;0;1;1;0
890;6570;2;1;0;0;0;0;1;0
891;6568;2;1;0;0;0;0;0;0
892;6567;2;1;1;0;0;1;1;1
893;6569;1;1;1;0;0;1;1;0
894;6569;2;1;0;0;0;0;0;0
895;6567;1;0;35;0;0;35;1;4
896;6567;2;0;0;0;0;0;1;1
897;6576;1;1;47;3;1;50;6;1
898;6579;1;1;51;8;9;59;4;1
899;6579;2;1;1;0;0;1;1;0
900;6579;1;0;0;0;0;0;1;1
901;6579;2;0;0;0;0;0;1;0
902;6568;1;0;733;2;18;735;29;4
903;6568;2;0;148;1;1;149;17;0
904;6597;1;1;12;9;12;21;2;0
905;6606;1;1;47;1;1;48;6;1
906;6606;2;1;4;3;2;7;3;0
907;6606;1;0;1;0;0;1;2;4
908;6606;2;0;0;0;0;0;0;0
909;6623;1;1;23;4;4;27;5;0
910;6623;2;1;1;0;0;1;1;0
911;6637;1;1;61;1;1;62;5;4
912;6646;1;1;28;2;9;30;2;1
913;6646;2;1;21;0;0;21;1;0
914;6646;1;0;77;1;5;78;2;2
915;6646;2;0;0;0;0;0;3;0
916;6680;1;1;1;0;0;1;2;0
917;6680;2;1;0;0;0;0;0;0
918;6680;1;0;0;0;0;0;1;0
919;6680;2;0;0;0;0;0;0;0
920;6689;1;1;99;0;0;99;3;1
921;6689;2;1;15;1;2;16;3;1
922;6689;1;0;0;0;0;0;1;1
923;6689;2;0;0;0;0;0;0;0
924;6705;1;1;8;4;4;12;1;0
925;6705;2;1;0;0;0;0;1;0
926;6705;1;0;2;1;0;3;3;4
927;6705;2;0;0;0;0;0;1;0
928;6727;1;1;75;1;6;76;4;4
929;6727;2;1;0;0;0;0;1;0
930;6727;1;0;0;0;0;0;1;4
931;6727;2;0;5;0;0;5;5;2
932;6758;1;1;36;7;14;43;2;1
933;6758;2;1;0;0;0;0;0;0
934;6758;1;0;3;0;0;3;4;4
935;6758;2;0;1;0;0;1;3;2
936;6762;1;1;5;0;0;5;5;4
937;6762;2;1;25;0;0;25;5;3
938;6762;1;0;0;0;0;0;1;4
939;6762;2;0;0;0;0;0;0;0
940;6778;1;1;8;2;2;10;1;0
941;6778;2;1;21;0;0;21;1;0
942;6778;1;0;0;0;0;0;0;0
943;6785;1;1;0;0;0;0;1;0
944;6785;2;1;5;0;0;5;1;0
945;6785;1;0;0;0;0;0;0;0
946;6785;2;0;0;0;0;0;1;0
947;6789;1;1;15;1;1;16;7;0
948;6804;1;1;0;0;0;0;0;0
949;6804;2;1;0;0;0;0;0;0
950;6820;1;1;14;2;8;16;1;0
951;6820;2;1;21;0;0;21;1;0
952;6820;1;0;0;0;0;0;1;0
953;6820;2;0;0;0;0;0;1;0
954;6828;1;1;34;2;11;36;4;0
955;6828;2;1;0;0;0;0;0;0
956;6842;1;1;2;0;0;2;2;4
957;6842;2;1;1;0;0;1;1;1
958;6842;1;0;0;0;0;0;1;4
959;6842;2;0;22;4;1;26;2;2
960;6847;1;1;19;0;0;19;3;0
961;6847;2;1;32;0;0;32;2;0
962;6847;1;0;0;0;0;0;1;0
963;6847;2;0;0;0;0;0;1;0
964;6857;1;1;1;0;0;1;1;4
965;6857;2;1;1;0;0;1;1;4
966;6857;1;0;0;0;0;0;1;4
967;6857;2;0;0;0;0;0;1;4
968;6879;1;1;44;0;0;44;3;0
969;6879;2;1;21;0;0;21;1;0
970;6879;1;0;0;0;0;0;1;0
971;6879;2;0;0;0;0;0;1;0
972;6882;1;1;37;14;20;51;3;1
973;6882;2;1;0;0;0;0;0;0
974;6884;1;1;69;0;0;69;1;1
975;6884;2;1;2;0;0;2;2;0
976;6889;1;1;62;0;0;62;3;4
977;6884;1;0;0;0;0;0;0;0
978;6884;2;0;0;0;0;0;0;0
979;6889;2;1;0;0;0;0;0;0
980;6889;1;0;0;0;0;0;1;4
981;6889;2;0;19;2;3;21;4;2
982;6888;1;1;28;1;1;29;4;0
983;6888;2;1;19;0;0;19;2;0
984;6888;1;0;0;0;0;0;0;0
985;6888;2;0;0;0;0;0;1;0
986;6908;1;1;22;18;27;40;4;0
987;6908;2;1;2;0;0;2;2;1
988;6908;1;0;13;4;6;17;3;4
989;6908;2;0;0;0;0;0;1;1
990;6932;1;1;34;9;14;43;2;1
991;6932;2;1;0;0;0;0;0;0
992;6932;1;0;0;0;0;0;0;0
993;6932;2;0;84;4;6;88;19;3
994;6962;1;1;70;40;46;110;6;1
995;6962;1;0;147;119;159;266;6;4
996;6962;2;0;0;0;0;0;1;0
997;6962;2;1;0;0;0;0;1;3
998;6962;1;0;147;119;159;266;6;4
999;6962;2;0;31;27;31;58;5;4
1000;6969;1;1;45;0;0;45;6;4
1001;6969;2;1;29;3;3;32;6;1
1002;6969;1;0;0;0;0;0;0;0
1003;6969;2;0;0;0;0;0;0;0
1004;6975;1;1;1;0;0;1;1;4
1005;6975;2;1;1;0;0;1;1;2
1006;6975;1;0;0;0;0;0;1;4
1007;6975;2;0;1;0;0;1;2;4
1008;6986;1;1;42;3;3;45;4;1
1009;6987;1;1;13;0;0;13;2;4
1010;6987;2;1;0;0;0;0;0;0
1011;6986;2;1;1;0;0;1;1;0
1012;6987;1;0;0;0;0;0;1;4
1013;6987;2;0;0;0;0;0;0;0
1014;6986;1;0;97;44;82;141;5;2
1015;6986;2;0;0;0;0;0;1;0
1016;6990;2;1;92;45;80;137;4;0
1017;6990;1;0;0;0;0;0;1;0
1018;6990;2;0;0;0;0;0;0;0
1019;6996;1;1;0;0;0;0;1;0
1020;6997;1;1;0;0;0;0;0;0
1021;6997;2;1;0;0;0;0;0;0
1022;6997;1;0;0;0;0;0;0;0
1023;6997;2;0;0;0;0;0;0;0
1024;7005;1;1;22;1;1;23;3;4
1025;7005;2;1;1;0;0;1;1;4
1026;7005;1;0;0;0;0;0;1;4
1027;7005;2;0;0;0;0;0;1;4
1028;7009;1;1;107;1;1;108;5;4
1029;7009;2;1;0;0;0;0;0;0
1030;7009;1;0;0;0;0;0;1;4
1031;7009;2;0;0;0;0;0;0;0
1032;7011;1;1;71;0;0;71;2;1
1033;7011;2;1;0;0;0;0;0;0
1034;7055;1;1;20;19;23;39;2;0
1035;7064;1;1;16;0;0;16;2;0
1036;7064;2;1;0;0;0;0;0;0
1037;7064;1;0;0;0;0;0;0;0
1038;7064;2;0;0;0;0;0;0;0
1039;7082;1;1;21;2;3;23;5;4
1040;7082;2;1;4;1;1;5;3;0
1041;7082;1;0;0;0;0;0;1;4
1042;7082;2;0;3;0;0;3;4;3
1043;7085;1;1;57;0;0;57;3;1
1044;7085;2;1;0;0;0;0;0;0
1045;7088;1;1;16;9;6;25;3;1
1046;7088;2;1;23;1;2;24;2;0
1047;7088;1;0;0;0;0;0;1;1
1048;7088;2;0;0;0;0;0;0;0
1049;7114;1;1;20;0;0;20;3;4
1050;7114;2;1;31;0;0;31;5;2
1051;7115;1;1;167;0;0;167;4;4
1052;7114;1;0;0;0;0;0;1;4
1053;7114;2;0;3;0;0;3;4;4
1054;7115;2;1;10;0;0;10;1;4
1055;7115;1;0;0;0;0;0;1;4
1056;7115;2;0;0;0;0;0;1;4
1057;7130;1;1;109;11;18;120;6;4
1058;7130;2;1;21;0;0;21;1;0
1059;7130;1;0;0;0;0;0;1;4
1060;7130;2;0;47;0;0;47;3;3
1061;7129;1;1;71;1;15;72;2;4
1062;7135;1;1;36;12;23;48;5;0
1063;7135;2;1;5;0;0;5;2;1
1064;7135;1;0;0;0;0;0;1;0
1065;7135;2;0;0;0;0;0;0;0
1066;7137;1;1;9;1;1;10;2;4
1067;7137;2;1;4;0;0;4;5;0
1068;7137;1;0;0;0;0;0;1;4
1069;7137;2;0;0;0;0;0;0;0
1070;7149;1;1;30;0;0;30;4;0
1071;7149;2;1;0;0;0;0;0;0
1072;7149;1;0;0;0;0;0;0;0
1073;7149;2;0;0;0;0;0;0;0
1074;7152;1;1;56;4;1;60;7;1
1075;7152;2;1;0;0;0;0;0;4
1076;7152;1;0;0;0;0;0;1;0
1077;7152;2;0;0;0;0;0;0;0
1078;7168;1;1;68;5;10;73;4;1
1079;7168;2;1;2;0;0;2;3;0
1080;7168;1;0;160;76;78;236;15;4
1081;7168;2;0;75;31;45;106;8;4
1082;7177;1;1;0;0;0;0;4;0
1083;7182;1;1;137;5;10;142;9;1
1084;7182;2;1;11;0;0;11;4;0
1085;7182;1;0;194;9;9;203;15;4
1086;7182;2;0;0;0;0;0;11;0
1087;7194;1;1;0;0;0;0;0;0
1088;7194;2;1;0;0;0;0;0;0
1089;7203;1;1;21;0;0;21;3;0
1090;7203;2;1;20;0;0;20;1;0
1091;7239;1;1;19;0;0;19;3;1
1092;7239;2;1;21;0;0;21;1;0
1093;7253;1;1;63;4;5;67;9;1
1094;7253;2;1;2;2;2;4;2;1
1095;7255;1;1;15;1;1;16;6;4
1096;7255;2;1;2;2;1;4;1;0
1097;7257;1;1;6;0;0;6;1;0
1098;7258;1;1;32;0;0;32;4;4
1099;7258;2;1;1;0;0;1;1;1
1100;7258;1;0;0;0;0;0;1;4
1101;7258;2;0;0;0;0;0;1;1
1102;7255;1;0;0;0;0;0;1;4
1103;7255;2;0;239;3;1;242;15;2
1104;7265;1;1;22;5;4;27;2;4
1105;7265;2;1;9;0;0;9;3;4
1106;7265;1;0;0;0;0;0;1;4
1107;7265;2;0;0;0;0;0;1;4
1108;7296;1;1;5;0;0;5;1;0
1109;7300;1;1;54;0;0;54;3;4
1110;7300;2;1;6;0;0;6;3;1
1111;7301;1;1;76;0;0;76;3;4
1112;7301;2;1;0;0;0;0;0;0
1113;7301;1;0;0;0;0;0;1;4
1114;7301;2;0;3;2;2;5;2;4
1115;7305;1;1;36;3;4;39;4;0
1116;7305;2;1;30;9;18;39;1;0
1117;7310;1;1;53;2;3;55;2;4
1118;7310;2;1;0;0;0;0;0;0
1119;7313;1;1;124;20;20;144;5;4
1120;7313;2;1;2;0;0;2;2;1
1121;7305;1;0;54;0;0;54;4;3
1122;7305;2;0;0;0;0;0;0;0
1123;7310;1;0;0;0;0;0;1;4
1124;7310;2;0;0;0;0;0;0;0
1125;7314;1;1;29;10;14;39;3;4
1126;7314;2;1;0;0;0;0;0;0
1127;7316;1;1;1;0;0;1;2;4
1128;7316;2;1;3;2;2;5;1;0
1129;7319;1;1;1;0;0;1;1;4
1130;7319;2;1;1;0;0;1;1;2
1131;7319;1;0;0;0;0;0;1;4
1132;7319;2;0;1;0;0;1;2;2
1133;7316;1;0;0;0;0;0;1;4
1134;7316;2;0;15;0;0;15;4;2
1135;7313;1;0;0;0;0;0;1;4
1136;7313;2;0;0;0;0;0;0;0
1137;7323;1;1;128;9;37;137;7;1
1138;7323;2;1;21;1;1;22;3;0
1139;7300;1;0;0;0;0;0;1;4
1140;7300;2;0;0;0;0;0;1;0
1141;7344;1;1;21;0;0;21;3;4
1142;7344;2;1;1;0;0;1;1;4
1143;7344;1;0;0;0;0;0;1;4
1144;7344;2;0;0;0;0;0;1;4
1145;7354;1;1;25;5;4;30;4;1
1146;7354;2;1;12;0;0;12;1;1
1147;7354;1;0;0;0;0;0;1;1
1148;7354;2;0;0;0;0;0;1;1
1149;7354;1;0;0;0;0;0;1;1
1150;7354;2;0;0;0;0;0;1;1
1151;7369;1;1;32;0;0;32;4;0
1152;7369;2;1;15;0;0;15;1;0
1153;7369;1;0;0;0;0;0;0;0
1154;7369;2;0;88;0;0;88;4;2
1155;7408;1;1;0;0;0;0;0;0
1156;7415;1;1;13;5;10;18;1;0
1157;7438;1;1;29;0;0;29;4;0
1158;7441;1;1;6;0;0;6;1;0
1159;7468;1;1;125;1;2;126;4;4
1160;7468;2;1;0;0;0;0;2;0
1161;7468;1;0;0;0;0;0;1;4
1162;7468;2;0;75;0;0;75;4;2
1163;7462;1;1;85;8;13;93;3;1
1164;7462;2;1;1;0;0;1;2;0
1165;7498;1;1;1;0;0;1;5;0
1166;7532;1;1;83;16;27;99;4;4
1167;7532;2;1;25;0;0;25;1;1
1168;7532;1;0;0;0;0;0;1;4
1169;7532;2;0;0;0;0;0;1;1
1170;7541;1;1;5;0;0;5;6;1
1171;7544;1;1;13;0;0;13;2;0
1172;7544;2;1;0;0;0;0;0;0
1173;7552;1;1;16;1;9;17;1;0
1174;7552;2;1;0;0;0;0;0;0
1175;7552;1;0;0;0;0;0;1;0
1176;7552;2;0;0;0;0;0;0;0
1177;7568;1;1;32;0;0;32;5;0
1178;7568;2;1;21;0;0;21;2;0
1179;7568;1;0;100;7;9;107;10;0
1180;7568;2;0;8;0;0;8;2;0
1181;7574;1;1;52;0;0;52;9;0
1182;7574;2;1;21;0;0;21;6;4
1183;7574;1;0;87;0;0;87;13;0
1184;7574;2;0;0;0;0;0;1;4
1185;7607;1;1;7;1;1;8;3;0
1186;7607;2;1;1;0;0;1;1;0
1187;7658;1;1;8;7;7;15;1;0
1188;7661;1;1;3;0;0;3;3;4
1189;7661;2;1;10;0;0;10;2;0
1190;7462;1;0;0;0;0;0;1;0
1191;7462;2;0;0;0;0;0;0;0
1192;7691;1;1;19;2;4;21;1;4
1193;7691;2;1;0;0;0;0;1;0
1194;7691;1;0;0;0;0;0;1;4
1195;7691;2;0;28;10;6;38;9;4
1196;7722;1;1;15;0;0;15;2;0
1197;7544;1;0;0;0;0;0;1;0
1198;7544;2;0;450;1;2;451;23;1
1199;7722;2;1;42;0;0;42;2;1
1200;7722;1;0;0;0;0;0;0;0
1201;7722;2;0;0;0;0;0;0;0
1202;7726;1;1;2;0;0;2;3;0
1203;7726;2;1;3;0;0;3;1;0
1204;7726;1;0;0;0;0;0;1;0
1205;7726;2;0;0;0;0;0;0;0
1206;7749;1;1;68;14;31;82;2;4
1207;7749;2;1;39;9;12;48;2;2
1208;7749;1;0;0;0;0;0;1;4
1209;7749;2;0;1;0;0;1;2;4
1210;7757;1;1;8;0;0;8;1;0
1211;7760;1;1;0;0;0;0;0;0
1212;7760;2;1;0;0;0;0;0;0
1213;7774;1;1;14;0;0;14;2;0
1214;7774;2;1;6;0;0;6;1;0
1215;7776;1;1;35;0;0;35;3;1
1216;7776;2;1;0;0;0;0;1;0
1217;7790;1;1;9;1;5;10;1;0
1218;7797;1;1;0;0;0;0;0;0
1219;7827;1;1;0;0;0;0;0;0
1220;7846;1;1;11;3;3;14;3;2
1221;7846;2;1;0;0;0;0;0;0
1222;7846;1;0;2;0;0;2;2;4
1223;7846;2;0;11;1;1;12;12;2
1224;7849;1;1;3;0;0;3;3;4
1225;7849;2;1;1;0;0;1;1;2
1226;7849;1;0;0;0;0;0;0;0
1227;7849;2;0;0;0;0;0;0;0
1228;7850;1;1;1;0;0;1;1;4
1229;7850;2;1;1;0;0;1;1;4
1230;7854;1;1;1;0;0;1;1;0
1231;7854;2;1;1;0;0;1;1;0
1232;7854;1;0;0;0;0;0;1;0
1233;7854;2;0;0;0;0;0;1;0
1234;7878;1;1;56;0;0;56;2;4
1235;7878;2;1;0;0;0;0;0;0
1236;7881;1;1;73;0;0;73;2;1
1237;7881;2;1;39;0;0;39;3;0
1238;7881;1;0;0;0;0;0;1;1
1239;7881;2;0;0;0;0;0;1;0
1240;7887;1;1;6;0;0;6;1;0
1241;7887;2;1;41;10;19;51;4;0
1242;7887;1;0;2;0;0;2;1;0
1243;7887;2;0;0;0;0;0;1;0
1244;7893;1;1;14;1;7;15;1;0
1245;7914;1;1;61;0;0;61;3;1
1246;7914;2;1;18;2;4;20;2;0
1247;7923;1;1;54;1;1;55;8;1
1248;7927;1;1;47;0;0;47;4;1
1249;7927;2;1;33;0;0;33;2;0
1250;7927;1;0;0;0;0;0;0;0
1251;7927;2;0;0;0;0;0;1;0
1252;7938;1;1;32;0;0;32;3;2
1253;7938;2;1;0;0;0;0;0;2
1254;7938;1;0;0;0;0;0;1;2
1255;7938;2;0;0;0;0;0;0;0
1256;7956;1;1;28;0;0;28;4;0
1257;7957;1;1;8;1;1;9;2;1
1258;7956;2;1;17;0;0;17;2;0
1259;7956;1;0;0;0;0;0;1;0
1260;7956;2;0;0;0;0;0;1;0
1261;7962;1;1;53;2;2;55;4;1
1262;7962;2;1;11;0;0;11;2;2
1263;7940;1;1;171;19;22;190;7;1
1264;7962;1;0;0;0;0;0;1;1
1265;7962;2;0;0;0;0;0;1;2
1266;7914;2;0;7;2;0;9;7;3
1267;7914;1;0;215;101;103;316;16;4
1268;7992;1;1;9;1;2;10;1;0
1269;7992;2;1;4;0;0;4;1;0
1270;8003;1;1;25;10;15;35;3;0
1271;8003;2;1;39;0;0;39;2;0
1272;8003;1;0;0;0;0;0;1;0
1273;8003;2;0;0;0;0;0;0;0
1274;8011;1;1;10;2;4;12;1;0
1275;8011;2;1;21;0;0;21;1;0
1276;8011;1;0;0;0;0;0;1;0
1277;8011;2;0;0;0;0;0;1;0
1278;8025;1;1;3;0;0;3;3;4
1279;8025;2;1;1;0;0;1;1;0
1280;7850;1;0;0;0;0;0;1;4
1281;7850;2;0;0;0;0;0;1;4
1282;8045;1;1;31;4;27;35;1;0
1283;8046;1;1;18;2;11;20;2;0
1284;8046;2;1;0;0;0;0;0;1
1285;8046;1;0;0;0;0;0;0;0
1286;8046;2;0;0;0;0;0;0;0
1287;8047;1;1;8;1;1;9;2;0
1288;8049;1;1;97;0;0;97;2;4
1289;8049;2;1;0;0;0;0;0;0
1290;8053;1;1;0;0;0;0;0;0
1291;8053;2;1;0;0;0;0;0;0
1292;8049;1;0;0;0;0;0;1;4
1293;8049;2;0;0;0;0;0;1;4
1294;8049;1;0;0;0;0;0;1;4
1295;8049;2;0;0;0;0;0;1;4
1296;8067;1;1;17;2;3;19;2;0
1297;8071;1;1;59;0;0;59;8;1
1298;8071;2;1;22;0;0;22;2;0
1299;8068;1;1;31;0;0;31;4;1
1300;8068;2;1;11;0;0;11;1;0
1301;8068;1;0;0;0;0;0;0;0
1302;8068;2;0;0;0;0;0;0;0
1303;8125;1;1;0;0;0;0;0;0
1304;8023;1;1;142;0;0;142;5;2
1305;8023;2;1;26;0;0;26;2;0
1306;8023;1;0;56;20;23;76;1;2
1307;8023;2;0;0;0;0;0;1;0
1308;8139;1;1;0;0;0;0;0;0
1309;8139;2;1;0;0;0;0;1;0
1310;8161;1;1;103;0;0;103;3;0
1311;8208;1;1;34;3;9;37;4;0
1312;8214;1;1;26;0;0;26;3;1
1313;8219;1;1;0;0;0;0;0;0
1314;8219;2;1;0;0;0;0;0;0
1315;8221;1;1;108;0;0;108;2;4
1316;8219;1;0;0;0;0;0;0;0
1317;8221;2;1;43;0;0;43;1;2
1318;8221;1;0;0;0;0;0;1;4
1319;8221;2;0;0;0;0;0;1;2
1320;8224;1;1;13;0;0;13;2;0
1321;8224;2;1;0;0;0;0;0;0
1322;8224;1;0;0;0;0;0;1;0
1323;8224;2;0;0;0;0;0;0;0
1324;8231;1;1;1;0;0;1;1;4
1325;8255;1;1;0;0;0;0;0;0
1326;8293;1;1;0;0;0;0;0;4
1327;8293;2;1;10;0;0;10;1;0
1328;8293;1;0;0;0;0;0;0;0
1329;8293;2;0;0;0;0;0;0;0
1330;8307;1;1;14;5;0;19;6;1
1331;8311;1;1;14;8;10;22;7;0
1332;8311;2;1;28;22;17;50;4;0
1333;8311;1;0;0;0;0;0;0;0
1334;8311;2;0;0;0;0;0;1;0
1335;8325;1;1;0;0;0;0;0;0
1336;8366;1;1;25;6;9;31;3;1
1337;8417;1;1;13;0;0;13;2;0
1338;8417;2;1;0;0;0;0;0;0
1339;8422;1;1;8;0;0;8;2;0
1340;8422;2;1;21;0;0;21;1;0
1341;8458;1;1;464;156;251;620;22;3
1342;8458;2;1;29;0;0;29;5;1
1343;8458;1;0;17;4;6;21;5;4
1344;8458;2;0;35;10;18;45;9;2
1345;8466;1;1;19;13;4;32;5;4
1346;8466;2;1;71;10;13;81;15;4
1347;8466;1;0;0;0;0;0;0;0
1348;8466;2;0;0;0;0;0;0;0
1349;8485;1;1;65;1;1;66;3;4
1350;8485;2;1;1;0;0;1;3;2
1351;8485;1;0;0;0;0;0;1;4
1352;8485;2;0;0;0;0;0;1;2
1353;8507;1;1;0;0;0;0;0;0
1354;8507;2;1;0;0;0;0;0;0
1355;8537;1;1;166;15;28;181;6;3
1356;8537;2;1;22;10;11;32;1;0
1357;8548;1;1;45;14;16;59;2;4
1358;8548;2;1;0;0;0;0;0;1
1359;8548;1;0;0;0;0;0;1;4
1360;8548;2;0;11;20;14;31;2;3
1361;8617;1;1;15;1;1;16;2;0
1362;8617;2;1;23;0;0;23;3;0
1363;8617;1;0;0;0;0;0;0;0
1364;8617;2;0;0;0;0;0;0;0
1365;8631;1;1;115;0;0;115;6;1
1366;8631;2;1;21;0;0;21;1;0
1367;8631;1;0;0;0;0;0;1;1
1368;8631;2;0;0;0;0;0;1;0
1369;8636;1;1;21;1;1;22;3;0
1370;8636;2;1;77;1;9;78;3;0
1371;8636;1;0;0;0;0;0;1;0
1372;8636;2;0;0;0;0;0;0;0
1373;8648;1;1;0;0;0;0;0;0
1374;8657;1;1;4;1;0;5;2;4
1375;8657;2;1;2;0;0;2;3;0
1376;8657;1;0;0;0;0;0;1;4
1377;8657;2;0;0;0;0;0;0;0
1378;8667;1;1;17;1;1;18;2;0
1379;8687;1;1;61;0;0;61;2;4
1380;8687;2;1;1;0;0;1;1;1
1381;8687;1;0;0;0;0;0;1;4
1382;8687;2;0;55;3;5;58;3;3
1383;8716;1;1;62;6;6;68;5;1
1384;8716;2;1;0;0;0;0;1;0
1385;8743;1;1;16;2;2;18;4;0
1386;8743;2;1;0;0;0;0;1;0
1387;8750;1;1;19;2;2;21;3;1
1388;8743;1;0;29;6;3;35;12;1
1389;8743;2;0;35;1;2;36;10;4
1390;8790;1;1;114;0;0;114;8;1
1391;8796;1;1;26;2;2;28;4;1
1392;8796;2;1;15;0;0;15;1;0
1393;8796;1;0;0;0;0;0;1;1
1394;8796;2;0;0;0;0;0;1;0
1395;8811;1;1;25;1;1;26;4;0
1396;8770;1;1;65;5;10;70;3;4
1397;8848;1;1;27;19;32;46;2;0
1398;8856;1;1;98;0;0;98;8;2
1399;8856;2;1;23;0;0;23;1;1
1400;8856;1;0;0;0;0;0;1;2
1401;8856;2;0;0;0;0;0;1;1
1402;8874;1;1;25;2;2;27;2;4
1403;8874;2;1;18;1;2;19;1;0
1404;8920;1;1;52;0;0;52;2;1
1405;8920;2;1;26;0;0;26;5;1
1406;8920;1;0;0;0;0;0;1;1
1407;8920;2;0;0;0;0;0;1;1
1408;8910;1;1;7;0;0;7;2;1
1409;8945;1;1;6;0;0;6;1;0
1410;8946;1;1;2;0;0;2;5;0
1411;8946;2;1;0;0;0;0;0;0
1412;8946;1;0;0;0;0;0;1;0
1413;8946;2;0;0;0;0;0;0;0
1414;8945;2;1;49;0;0;49;3;1
1415;8945;1;0;0;0;0;0;1;0
1416;8945;2;0;106;0;0;106;7;2
1417;8974;1;1;19;2;1;21;3;1
1418;8974;2;1;21;0;0;21;1;0
1419;8974;1;0;5;0;0;5;2;4
1420;8974;2;0;27;1;1;28;4;4
1421;9025;1;1;23;0;0;23;3;0
1422;9025;2;1;21;0;0;21;1;0
1423;9031;1;1;8;0;0;8;1;0
1424;9037;1;1;16;1;9;17;2;0
1425;9037;2;1;42;1;22;43;1;0
1426;8942;1;1;55;0;0;55;3;4
1427;8942;2;1;67;0;0;67;2;2
1428;9065;1;1;32;0;0;32;4;0
1429;9080;1;1;22;0;0;22;3;0
1430;9107;1;1;0;0;0;0;2;0
1431;8942;1;0;0;0;0;0;1;4
1432;8942;2;0;60;0;0;60;4;4
1433;9270;1;1;0;0;0;0;15;0
1434;9277;1;1;0;0;0;0;0;0
1435;9289;1;1;25;1;2;26;3;0
1436;9349;1;1;46;0;0;46;1;4
1437;9349;2;1;0;0;0;0;0;4
1438;9349;1;0;1;1;0;2;1;4
1439;9349;2;0;1;0;0;1;1;4
1440;9383;1;1;14;2;2;16;2;1
1441;9382;1;1;134;0;0;134;3;4
1442;9382;2;1;50;0;0;50;2;2
1443;9383;2;1;0;0;0;0;0;0
1444;9382;1;0;0;0;0;0;1;4
1445;9382;2;0;0;0;0;0;1;2
1446;9383;1;0;0;0;0;0;0;0
1447;9383;2;0;0;0;0;0;1;2
1448;9385;1;1;0;0;0;0;0;1
1449;9385;2;1;0;0;0;0;0;2
1450;9385;1;0;0;0;0;0;0;0
1451;9385;2;0;0;0;0;0;0;0
1452;9403;1;1;1;0;0;1;1;4
1453;9403;2;1;1;0;0;1;1;1
1454;9403;1;0;0;0;0;0;1;4
1455;9403;2;0;0;0;0;0;1;1
1456;9425;1;1;123;0;0;123;4;4
1457;9425;2;1;1;0;0;1;1;0
1458;9425;1;0;0;0;0;0;1;4
1459;9425;2;0;2;2;0;4;3;1
1460;9434;1;1;7;0;0;7;3;0
1461;9434;2;1;0;0;0;0;0;0
1462;9434;1;0;0;0;0;0;1;0
1463;9434;2;0;0;0;0;0;0;0
1464;9460;1;1;117;14;14;131;5;2
1465;9462;1;1;10;0;0;10;1;4
1466;9462;2;1;0;0;0;0;0;0
1467;9479;1;1;25;6;4;31;5;0
1468;9475;1;1;137;14;19;151;6;1
1469;9475;2;1;21;0;0;21;1;0
1470;9479;2;1;29;3;3;32;6;0
1471;9479;1;0;0;0;0;0;0;0
1472;9479;2;0;0;0;0;0;0;0
1473;9475;1;0;0;0;0;0;1;1
1474;9475;2;0;0;0;0;0;1;0
1475;9525;1;1;38;0;0;38;3;4
1476;9525;2;1;0;0;0;0;0;0
1477;9525;1;0;0;0;0;0;1;4
1478;9525;2;0;0;0;0;0;0;0
1479;9529;1;1;10;0;0;10;2;1
1480;9546;1;1;57;8;8;65;5;4
1481;9569;1;1;67;6;10;73;3;4
1482;9569;2;1;0;0;0;0;0;0
1483;9572;1;1;36;7;9;43;7;0
1484;9569;1;0;0;0;0;0;1;4
1485;9569;2;0;117;15;47;132;3;3
1486;9476;1;1;103;6;7;109;3;4
1487;9476;2;1;0;0;0;0;0;0
1488;9476;1;0;0;0;0;0;1;4
1489;9476;2;0;0;0;0;0;0;0
1490;9587;1;1;28;20;34;48;4;1
1491;9587;2;1;3;2;0;5;3;1
1492;9587;1;0;0;0;0;0;0;0
1493;9587;2;0;0;0;0;0;0;0
1494;9613;1;1;0;0;0;0;0;0
1495;9664;1;1;143;12;21;155;5;4
1496;9664;2;1;52;3;4;55;3;1
1497;9677;1;1;0;0;0;0;2;0
1498;9677;2;1;21;0;0;21;1;0
1499;9681;1;1;3;1;1;4;3;4
1500;9681;2;1;2;0;0;2;2;1
1501;9681;1;0;0;0;0;0;1;4
1502;9681;2;0;0;0;0;0;1;1
1503;9684;1;1;74;1;24;75;4;4
1504;9684;2;1;0;0;0;0;1;0
1505;9694;1;1;28;15;24;43;3;0
1506;9684;1;0;0;0;0;0;0;0
1507;9684;2;0;2;0;0;2;2;4
1508;9706;1;1;17;0;0;17;2;4
1509;9706;2;1;0;0;0;0;0;0
1510;9712;1;1;30;1;1;31;3;0
1511;9712;2;1;0;0;0;0;0;0
