"schwartzSurveyId";"participantId";"power";"achievement";"hedonism";"stimulation";"selfDirection";"universalism";"benevolence";"tradition";"conformity";"security";"conservation";"selfTranscendence"
1;3137;2;4;5;5;5;5;5;2;4;4;-1.94;0.38
2;3152;4;4;1;2;3;4;3;4;2;5;0.79;0.27
3;3162;1;3;2;4;3;2;1;2;0;0;-2.12;-0.31
4;3174;2;4;3;5;2;5;4;3;3;4;-0.71;0.43
5;3178;1;2;1;4;4;5;3;2;2;2;-1.99;1.48
6;3181;5;5;2;4;5;5;5;5;5;5;0.7;0.19
7;3183;3;5;4;4;4;4;5;5;5;5;0.63;0.21
8;3193;4;5;3;4;5;5;5;5;5;5;0.38;0.33
9;3196;1;1;1;1;1;1;1;1;1;1;-0.18;0.57
10;3212;-1;0;0;0;0;5;5;5;5;5;2.54;4.32
11;3222;4;5;2;5;5;2;3;1;2;4;-1.3;-1.39
12;3231;2;2;2;2;2;2;2;2;2;2;-0.15;0.32
13;3239;3;3;3;3;3;3;3;3;3;3;-0.12;0.07
14;3249;2;2;2;2;2;2;2;2;2;2;-0.15;0.32
15;3256;4;5;5;5;5;4;5;4;2;5;-1.15;-0.56
16;3260;2;3;1;4;4;0;2;-1;2;4;-1.05;-0.79
17;3284;1;4;3;2;5;5;5;1;3;5;-1.4;1.3
18;3290;2;4;4;4;4;5;5;0;4;4;-1.81;0.4
19;3295;2;4;2;4;5;5;3;4;3;2;-1.36;0.67
20;3280;3;3;3;3;3;4;4;3;2;5;-0.24;0.56
21;3303;4;4;5;5;5;4;4;3;4;4;-1.12;-0.56
22;3306;2;3;3;3;5;5;4;-1;1;2;-3.37;0.56
23;3321;4;5;1;2;2;3;1;1;2;4;0.21;-1.19
24;3326;3;4;3;3;5;3;4;4;3;3;-0.37;0.18
25;3338;3;5;4;5;3;3;5;4;4;5;0.35;-0.34
26;3363;4;3;4;5;5;3;5;3;2;3;-1.48;-0.14
27;3364;2;3;2;3;3;3;3;2;2;2;-0.9;0.35
28;3371;2;5;4;3;5;5;5;5;4;5;-0.14;0.88
29;3372;2;4;1;3;5;5;5;5;5;5;0.64;1.72
30;3380;5;5;4;5;5;3;5;2;4;3;-0.97;-1.16
31;3386;2;3;3;3;4;4;5;5;4;5;0.54;1.44
32;3392;4;4;3;1;5;1;5;0;3;3;-0.36;-0.52
33;3397;2;2;2;2;2;3;2;1;2;3;-0.51;0.45
34;3398;3;4;4;3;5;5;5;4;3;4;-0.82;0.73
35;3418;5;5;5;5;5;5;5;1;2;4;-2.36;-1.03
36;3419;-1;1;5;5;4;5;5;1;1;2;-3.77;1.96
37;3423;2;3;2;4;2;1;4;1;3;2;-0.28;-0.12
38;3429;3;5;5;4;5;3;4;1;1;2;-2.63;-1.06
39;3431;5;5;0;2;3;0;3;3;2;3;1.48;-1.26
40;3441;1;3;3;3;3;4;4;2;1;1;-1.94;0.89
41;3444;1;3;3;4;3;4;4;2;1;3;-1.79;0.81
42;3452;2;4;1;3;4;3;5;5;4;5;1.17;1.21
43;3463;4;5;4;4;4;3;4;2;3;2;-1.1;-1.06
44;3460;1;3;2;2;4;2;3;3;2;2;-0.55;0.73
45;3474;3;3;0;4;4;4;4;2;1;2;-1.49;0.7
46;3476;0;3;3;4;5;5;5;1;2;2;-2.98;1.53
47;3477;5;5;3;3;4;5;5;4;5;5;0.79;0.01
48;3481;-1;1;2;3;2;2;3;0;-1;3;-2.14;1.35
49;3505;4;4;4;4;5;3;4;3;3;4;-0.74;-0.51
50;3517;-1;5;0;5;5;5;5;0;-1;5;-3.41;1.39
51;3520;3;3;3;3;3;3;3;3;3;3;-0.12;0.07
52;3540;2;5;4;4;5;5;5;0;1;5;-2.79;0.05
53;3544;2;3;3;4;4;5;3;2;3;4;-1.45;0.62
54;3548;2;3;4;3;3;2;5;4;3;3;0.2;0.59
55;3519;0;0;0;0;0;0;0;1;1;1;0.59;1.0
56;3549;2;2;2;2;2;2;2;2;2;2;-0.15;0.32
57;3551;2;2;2;2;2;2;2;2;2;2;-0.15;0.32
58;3555;3;2;2;1;3;3;3;1;2;2;-0.58;0.54
59;3577;1;4;2;2;4;4;4;4;3;4;0.0;1.29
60;3561;3;2;1;4;4;2;1;0;-1;1;-2.69;-0.62
61;3583;3;4;2;2;2;2;2;2;4;3;0.86;-0.55
62;3591;1;4;4;2;3;5;5;2;0;3;-1.95;1.03
63;3592;3;5;3;4;5;5;5;1;0;5;-2.47;1.94289e-16
64;3593;-1;5;-1;5;5;5;5;5;5;2;-0.54;2.24
65;3596;1;1;0;1;1;2;2;2;-1;5;0.27;1.37
66;3595;0;3;2;0;4;5;4;2;3;4;-0.54;2.18
67;3606;2;5;1;1;4;2;5;5;3;4;1.46;0.88
68;3611;1;2;3;4;5;5;4;4;4;4;-1.0;1.8
69;3628;5;5;5;5;5;5;5;5;5;5;-0.06;-0.43
70;3635;2;5;3;4;2;3;2;2;2;1;-1.19;-0.92
71;3636;4;3;3;5;4;4;5;5;2;1;-1.06;0.38
72;3645;5;5;5;5;5;5;3;3;1;3;-2.34;-1.33
73;3617;0;1;2;3;5;4;4;1;0;2;-3.0;1.97
74;3648;3;3;1;4;5;2;2;2;1;4;-1.13;-0.28
75;3663;2;5;2;0;4;3;5;5;4;4;1.58;1.11
76;3666;3;5;2;3;5;3;4;3;2;2;-0.97;-0.17
77;3670;2;5;5;3;5;1;4;2;3;2;-1.11;-0.88
78;3675;1;0;3;1;1;3;1;2;-1;4;-0.77;1.17
79;3676;2;5;5;5;5;4;4;4;0;3;-2.49;-0.32
80;3678;3;5;5;5;5;4;4;0;0;4;-3.34;-1.07
81;3668;1;3;3;4;4;2;5;4;4;2;-0.24;0.95
82;3689;3;3;0;3;3;3;4;0;0;2;-1.57;0.31
83;3697;4;5;5;4;5;4;5;1;2;4;-2.0;-0.81
84;3700;4;5;4;5;5;4;5;1;2;4;-2.08;-0.79
85;3702;1;2;2;3;3;4;5;5;5;5;1.14;2.22
86;3705;-1;5;-1;2;4;5;3;3;3;3;-0.56;1.87
87;3559;2;4;2;4;5;3;3;2;0;3;-2.14;-0.07
88;3710;3;3;3;3;3;3;4;4;4;4;0.72;0.49
89;3712;0;0;5;5;5;5;5;2;2;4;-2.96;2.24
90;3716;-1;2;1;4;5;5;5;1;1;0;-3.52;2.39
91;3728;5;5;5;5;5;5;5;5;5;5;-0.06;-0.43
92;3733;0;2;-1;1;3;0;0;1;0;5;0.14;0.57
93;3738;4;4;5;5;5;3;3;5;4;3;-0.5;-0.81
94;3742;2;2;2;2;2;2;2;2;2;2;-0.15;0.32
95;3749;5;5;5;5;5;5;5;5;5;5;-0.06;-0.43
96;3751;2;4;4;4;4;2;3;1;4;4;-0.81;-0.62
97;3756;-1;3;4;2;5;2;5;2;0;0;-2.72;1.29
98;3766;-1;-1;-1;-1;-1;-1;-1;-1;-1;-1;-0.24;1.07
99;3770;3;1;3;1;5;0;4;3;0;-1;-1.18;0.46
100;3772;3;3;1;5;4;4;4;4;4;3;-0.21;0.76
101;3773;3;5;-1;3;5;5;5;5;5;5;1.16;1.41
102;3789;4;5;2;5;5;5;5;5;5;5;0.3;0.35
103;3790;4;4;5;5;4;5;5;5;5;5;0.07;0.16
104;3801;3;4;3;4;5;4;3;4;3;3;-0.92;0.02
105;3804;1;1;1;1;1;1;4;4;5;5;2.84;1.89
106;3806;2;4;2;2;3;3;3;2;3;5;0.28;0.28
107;3809;2;2;5;3;5;4;4;4;4;5;-0.48;1.13
108;3811;5;5;5;5;5;5;5;5;5;5;-0.06;-0.43
109;3812;4;4;4;4;4;4;4;4;4;4;-0.09;-0.18
110;3813;2;2;2;2;2;2;2;2;2;2;-0.15;0.32
111;3815;3;3;3;3;3;3;3;3;3;3;-0.12;0.07
112;3816;2;2;2;2;2;3;3;3;3;3;0.43;0.96
113;3820;1;2;2;3;2;2;4;2;3;1;-0.37;0.96
114;3822;1;3;3;4;3;5;5;5;4;1;-0.61;1.66
115;3826;1;2;3;4;5;1;2;3;4;5;-0.14;0.35
116;3833;2;4;3;3;5;4;5;4;5;4;0.06;1.03
117;3843;5;5;5;5;5;5;5;5;5;5;-0.06;-0.43
118;3847;2;3;1;4;3;4;3;0;1;3;-1.94;0.35
119;3853;3;5;5;4;5;5;5;5;5;5;-0.11;0.31
120;3857;3;4;4;1;5;2;2;3;1;3;-0.76;-0.58
121;3858;3;5;5;5;5;5;5;5;5;5;-0.36;0.17
122;3859;2;2;2;2;2;2;2;2;2;2;-0.15;0.32
123;3863;2;2;4;5;5;5;5;3;5;5;-1.03;1.38
124;3864;2;4;3;4;4;2;4;3;5;3;0.1;0.02
125;3865;3;3;3;3;3;3;3;4;5;5;1.18;0.31
126;3870;0;0;0;0;0;0;0;0;0;0;-0.21;0.82
127;3876;5;5;5;5;5;5;5;5;5;5;-0.06;-0.43
128;3884;2;2;2;2;2;4;4;1;1;4;-0.79;1.15
129;3888;1;4;1;3;4;4;2;-1;3;1;-2.26;0.14
130;3896;3;5;3;3;4;-1;1;3;3;2;0.39;-1.94
131;3903;4;5;3;4;4;0;1;2;2;4;-0.17;-2.25
132;3898;2;3;4;2;2;2;2;2;2;2;-0.46;-0.33
133;3904;3;3;3;3;3;3;3;3;3;3;-0.12;0.07
134;3906;3;3;3;3;3;3;3;3;3;3;-0.12;0.07
135;3916;2;2;2;2;3;4;5;5;5;4;1.34;2.03
136;3926;0;5;3;3;5;4;4;2;3;3;-1.65;0.73
137;3933;1;2;2;2;3;2;3;2;1;3;-0.67;0.9
138;3937;2;4;4;4;5;5;4;4;4;4;-0.96;0.68
139;3943;2;2;2;2;2;2;2;2;2;2;-0.15;0.32
140;3950;2;4;4;4;3;3;3;3;2;4;-0.76;-0.26
141;3970;2;2;2;2;2;2;4;2;2;2;-0.07;0.8
142;3967;2;5;4;3;5;3;5;4;5;5;0.38;0.35
143;3973;-1;5;4;5;4;4;4;-1;4;3;-2.76;0.22
144;3980;0;0;0;0;0;0;0;0;0;0;-0.21;0.82
145;3982;3;2;2;2;5;3;3;3;2;3;-0.65;0.75
146;3997;0;1;1;1;1;1;1;1;0;1;-0.63;0.84
147;4007;-1;1;2;3;4;5;5;3;3;2;-1.56;3.02
148;4009;-1;0;0;-1;-1;-1;-1;0;-1;0;0.12;0.73
149;4010;-1;0;2;3;3;5;5;3;3;2;-1.28;3.31
150;4013;-1;0;2;3;4;5;5;3;3;2;-1.59;3.35
151;4015;1;3;2;5;5;4;4;3;1;2;-2.39;1.0
152;4018;1;3;2;5;3;0;-1;2;0;4;-1.13;-1.25
153;4019;2;2;2;2;2;2;2;2;2;2;-0.15;0.32
154;4030;3;5;5;4;4;4;5;4;3;3;-0.84;-0.19
155;4035;0;2;2;2;4;3;3;0;1;0;-2.59;1.13
156;4039;2;4;2;4;3;5;5;5;5;5;0.84;1.34
157;4042;4;4;4;4;4;4;4;4;4;4;-0.09;-0.18
158;4045;4;4;4;4;4;4;4;4;4;4;-0.09;-0.18
159;4047;1;4;4;4;4;3;5;5;5;5;0.56;0.92
160;4049;5;5;3;3;5;5;5;5;5;5;0.78;0.17
161;4060;1;3;2;5;4;5;5;4;5;5;-0.2;1.75
162;4065;2;3;1;5;5;5;5;5;5;5;0.11;1.77
163;4077;2;3;-1;2;4;5;5;-1;2;5;-1.19;1.66
164;4078;3;3;3;3;3;3;3;3;3;3;-0.12;0.07
165;4079;3;4;4;5;5;5;1;2;-1;5;-3.08;-0.84
166;4116;5;5;5;2;2;2;3;2;3;3;0.42;-1.75
167;4119;-1;-1;-1;-1;-1;-1;-1;-1;-1;-1;-0.24;1.07
168;4133;4;5;4;4;5;4;5;3;4;4;-0.63;-0.35
169;4135;3;5;2;5;5;4;4;2;4;5;-0.83;-0.2
170;4140;3;4;4;4;5;4;4;4;4;4;-0.55;0.16
171;4156;1;4;4;3;3;4;4;3;3;3;-0.78;0.64
172;4160;5;4;1;5;5;5;5;5;5;5;0.59;0.54
173;4165;1;3;-1;4;1;2;4;0;1;3;-0.57;0.69
174;4166;2;2;2;2;2;2;2;2;2;2;-0.15;0.32
175;4171;0;1;1;3;5;5;5;5;1;1;-1.75;3.07
176;4180;3;4;5;5;4;5;4;3;2;2;-2.22;-0.2
177;4182;5;5;5;5;5;5;5;5;5;5;-0.06;-0.43
178;4184;2;2;2;2;2;2;2;2;2;2;-0.15;0.32
179;4185;5;5;5;5;5;5;5;5;5;5;-0.06;-0.43
180;4186;5;5;2;4;4;2;3;4;4;4;0.91;-1.17
181;4188;-1;-1;-1;-1;-1;-1;-1;-1;-1;-1;-0.24;1.07
182;4189;3;5;3;5;5;5;4;1;3;4;-2.06;-0.32
183;4190;3;5;5;4;5;5;5;5;5;5;-0.11;0.31
184;4191;5;4;4;2;3;2;3;4;-1;3;-0.35;-1.1
185;4194;0;1;1;2;3;3;3;1;3;3;-0.64;1.85
186;4196;1;1;1;2;3;3;2;3;4;2;0.17;1.55
187;4208;3;4;2;4;3;3;3;2;1;1;-1.47;-0.48
188;4217;4;4;4;4;5;4;5;4;3;4;-0.66;0.07
189;4222;4;4;1;2;3;0;0;3;5;1;1.51;-1.48
190;4228;4;4;4;3;4;4;4;4;3;4;-0.14;-0.07
191;4229;1;4;-1;1;5;4;5;4;3;3;0.29;2.16
192;4233;4;3;3;2;5;5;4;1;1;3;-2.02;0.37
193;4236;3;5;3;3;3;4;4;3;4;3;0.02;-0.1
194;4238;3;4;4;3;2;1;3;3;4;4;1.07;-0.84
195;4248;4;5;3;5;5;4;4;5;5;5;0.35;-0.27
196;4249;5;5;5;5;5;5;5;3;5;5;-0.66;-0.67
197;4241;4;5;5;5;5;5;5;5;5;5;-0.21;-0.13
198;4253;2;2;2;2;2;2;2;2;2;2;-0.15;0.32
199;4265;2;2;2;2;2;2;2;2;2;2;-0.15;0.32
200;4274;5;5;5;5;5;5;5;5;5;5;-0.06;-0.43
201;4275;3;3;3;3;3;3;3;3;3;3;-0.12;0.07
202;4290;1;2;1;4;4;2;4;3;3;3;-0.37;1.24
203;4302;5;5;5;5;5;1;1;-1;-1;5;-2.78;-3.17
204;4291;1;4;2;2;3;4;3;2;2;2;-1.03;0.68
205;4332;5;5;5;5;5;5;2;2;2;5;-1.98;-1.6
206;4348;4;5;0;4;3;2;1;0;0;5;-0.87;-1.64
207;4356;4;3;4;3;5;4;5;3;3;3;-0.94;0.39
208;4362;5;5;5;5;5;5;5;5;5;5;-0.06;-0.43
209;4364;5;5;5;5;5;5;5;5;5;5;-0.06;-0.43
210;4365;5;5;3;5;5;5;5;5;5;5;0.28;-0.11
211;4370;3;5;5;5;5;5;4;4;4;5;-1.0;-0.22
212;4379;1;3;1;3;4;4;4;3;3;2;-0.81;1.46
213;4381;1;5;3;3;4;5;5;0;0;1;-3.31;0.46
214;4315;0;2;3;4;5;5;4;1;-1;2;-3.95;1.53
215;4384;-1;4;2;5;2;4;0;-1;-1;4;-3.29;-0.29
216;4292;2;4;5;5;4;1;5;3;3;1;-1.19;-0.54
217;4403;3;2;1;3;3;3;2;0;0;2;-1.85;-1.66533e-16
218;4407;3;2;1;3;2;2;1;0;0;2;-1.32;-0.5
219;4416;3;2;1;2;1;2;1;0;0;2;-0.76;-0.4
220;4420;0;5;3;4;5;4;4;4;5;4;-0.5;0.92
221;4424;0;1;0;0;4;5;3;2;1;1;-1.5;2.77
222;4427;-1;5;-1;2;5;4;5;5;5;5;1.07;2.53
223;4436;2;3;4;5;5;3;4;2;4;5;-1.12;0.22
224;4442;-1;2;1;2;3;2;1;2;2;2;-0.78;1.18
225;4451;1;4;-1;2;5;5;5;5;3;4;0.28;2.39
226;4458;-1;-1;-1;-1;2;3;3;3;3;3;1.15;3.75
227;4480;2;2;1;4;3;3;3;1;0;2;-1.91;0.52
228;4501;5;5;5;5;5;3;3;-1;0;4;-3.12;-2.25
229;4503;1;2;3;3;1;5;5;0;0;2;-2.27;1.36
230;4506;2;4;0;5;3;1;2;-1;1;0;-2.15;-1.07
231;4516;4;5;4;4;5;3;3;3;3;3;-0.95;-1.11
232;4523;2;4;1;3;4;4;2;3;1;3;-1.11;0.32
233;4524;3;5;3;4;5;5;4;0;3;5;-1.91;-0.27
234;4540;3;4;5;2;4;4;5;4;3;5;0.03;0.48
235;4546;0;2;3;4;5;4;4;2;1;2;-2.79;1.49
236;4548;4;5;5;5;4;2;5;2;2;3;-1.32;-1.34
237;4550;4;4;3;3;5;-1;4;4;3;5;1.22;-0.94
238;4560;2;2;2;2;2;2;2;2;2;2;-0.15;0.32
239;4562;2;2;2;2;2;2;2;2;2;2;-0.15;0.32
240;4565;3;5;5;4;4;3;5;5;5;5;0.72;-0.17
241;4587;5;5;4;4;5;5;5;5;5;5;0.36;-0.13
242;4598;2;2;2;2;2;2;2;2;2;2;-0.15;0.32
243;4608;2;3;3;4;2;4;4;4;4;4;0.37;0.83
244;4621;0;5;5;5;5;5;5;5;5;5;-0.81;1.07
245;4623;2;2;3;3;3;3;2;3;3;3;-0.34;0.46
246;4627;4;3;3;3;3;5;5;3;2;3;-0.71;0.66
247;4628;0;0;2;2;5;5;5;3;3;3;-1.3;3.26
248;4647;1;1;1;1;1;1;1;1;1;1;-0.18;0.57
249;4649;5;5;5;5;5;5;5;5;5;5;-0.06;-0.43
250;4659;1;2;3;3;4;4;5;3;0;3;-1.84;1.65
251;4669;2;4;0;2;3;4;4;2;4;4;0.5;1.06
252;4673;2;3;3;5;5;4;3;2;3;4;-1.75;0.3
253;4682;2;3;3;3;3;4;4;4;4;4;0.31;1.01
254;4684;2;3;2;2;3;4;4;4;4;4;0.73;1.31
255;4685;5;5;5;4;3;3;4;4;3;4;0.19;-1.26
256;4689;3;3;1;5;3;3;5;2;3;4;-0.3;0.5
257;4697;0;4;2;3;4;5;5;3;3;3;-1.12;1.76
258;4699;2;4;4;5;5;5;5;4;4;5;-0.97;0.81
259;4702;2;5;2;3;4;4;4;3;3;3;-0.57;0.37
260;4706;5;5;5;5;5;5;5;5;5;5;-0.06;-0.43
261;4709;4;4;3;2;4;5;4;3;3;5;-0.08;0.36
262;4715;0;4;-1;4;4;3;5;3;4;4;0.16;1.72
263;4729;1;2;1;3;4;4;5;5;5;4;0.8;2.39
264;4730;4;3;4;3;4;3;3;4;3;3;-0.15;-0.23
265;4732;-1;-1;-1;-1;-1;-1;-1;-1;-1;-1;-0.24;1.07
266;4740;2;5;4;5;5;2;4;-1;5;4;-1.6;-1.02
267;4751;5;4;4;2;3;4;3;3;4;4;0.53;-0.6
268;4754;2;3;5;3;4;3;4;4;5;3;0.02;0.51
269;4755;2;2;2;3;4;3;3;3;4;2;-0.34;0.9
270;4774;4;4;4;4;4;4;4;4;4;4;-0.09;-0.18
271;4695;2;5;1;4;5;4;4;1;3;3;-1.56;0.19
272;4777;5;5;5;5;5;5;5;5;5;5;-0.06;-0.43
273;4790;3;5;5;5;5;5;5;5;5;5;-0.36;0.17
274;4807;3;2;3;2;3;5;4;2;2;3;-0.98;1.07
275;4825;1;5;3;5;5;4;4;1;3;4;-2.1;0.06
276;4741;2;2;3;4;5;3;5;3;2;3;-1.39;1.09
277;4839;0;2;0;4;5;1;5;1;1;3;-1.56;1.46
278;4844;0;3;5;2;5;3;4;1;1;2;-2.64;0.78
279;4847;2;3;2;4;4;4;4;1;1;3;-2.08;0.59
280;4850;3;3;3;2;5;4;4;3;3;4;-0.51;0.78
281;4855;3;3;5;2;5;5;4;3;0;1;-2.61;0.5
282;4860;1;3;5;4;4;3;3;2;2;2;-2.12;0.07
283;4874;2;3;2;1;5;2;2;2;2;4;-0.4;0.31
284;4881;5;5;5;5;5;5;5;5;5;5;-0.06;-0.43
285;4897;1;4;4;4;4;2;3;3;3;2;-1.06;-0.17
286;4909;3;4;3;2;4;1;2;-1;4;5;-0.17;-1.15
287;4914;5;5;5;5;5;5;5;5;5;5;-0.06;-0.43
288;4915;5;5;5;5;5;5;5;5;5;5;-0.06;-0.43
289;4925;3;3;5;1;5;5;5;0;5;5;-0.92;0.79
290;4935;2;3;4;3;5;5;5;5;5;5;0.1;1.57
291;4908;2;2;2;2;2;2;2;2;2;2;-0.15;0.32
292;4936;5;5;4;3;5;3;3;0;1;2;-2.25;-1.72
293;4962;2;3;3;4;4;4;4;1;1;3;-2.25;0.43
294;4963;0;3;0;3;5;5;5;5;0;5;-1.02;2.66
295;4968;3;4;4;3;4;4;2;-1;0;1;-3.37;-1.03
296;5004;3;1;0;0;3;0;5;0;4;5;1.74;1.18
297;5007;5;5;5;5;5;5;5;5;5;5;-0.06;-0.43
298;5017;1;5;2;4;3;5;4;-1;2;3;-2.42;0.2
299;5018;1;4;1;2;4;1;2;3;1;4;-0.03;0.13
300;5021;5;4;3;5;5;5;5;2;1;4;-2.05;-0.29
301;5027;2;4;3;4;2;3;4;3;1;3;-0.74;0.04
302;5036;0;3;2;3;5;5;4;0;2;3;-2.7;1.5
303;5039;3;5;3;5;5;5;5;4;2;3;-1.62;0.22
304;5042;2;3;1;2;1;2;1;2;1;3;0.22;-0.13
305;5043;2;5;3;4;4;5;5;-1;1;3;-3.01;-0.01
306;5062;3;3;3;3;3;3;3;3;3;3;-0.12;0.07
307;5065;4;5;4;5;4;3;5;3;3;3;-0.81;-0.81
308;5085;1;4;4;5;5;5;5;3;2;1;-2.82;0.81
309;5092;2;5;5;5;5;5;2;2;4;1;-2.63;-0.76
310;5095;2;4;3;3;2;4;4;0;2;2;-1.55;0.04
311;5104;3;4;3;3;4;3;4;4;4;4;0.44;0.2
312;5110;4;2;3;4;5;4;4;2;4;3;-1.09;0.41
313;5106;4;4;4;3;4;3;5;1;5;4;-0.14;-0.35
314;5113;0;3;1;3;5;5;5;4;3;4;-0.79;2.44
315;5116;0;3;1;3;5;5;5;3;4;3;-0.99;2.32
316;5118;4;4;3;4;4;3;3;2;2;3;-1.1;-0.81
317;5136;3;4;3;4;5;3;5;5;4;4;0.22;0.46
318;5141;0;1;0;0;2;4;4;2;3;2;0.22;2.8
319;5145;1;4;1;5;5;5;5;1;2;3;-2.51;1.11
320;5147;0;0;0;0;0;0;0;0;0;0;-0.21;0.82
321;5150;5;5;5;5;5;5;5;5;5;5;-0.06;-0.43
322;5152;5;5;5;5;5;5;5;5;5;5;-0.06;-0.43
323;5157;0;2;2;4;4;5;5;2;3;3;-1.73;2.16
324;5170;4;5;3;4;5;3;4;0;5;4;-0.84;-0.98
325;5246;2;4;4;4;5;5;5;5;5;5;-0.12;1.1
326;5272;2;4;4;4;2;5;5;3;4;3;-0.49;0.65
327;5273;0;0;0;0;0;0;0;0;0;0;-0.21;0.82
328;5278;1;5;-1;5;5;0;2;0;-1;4;-1.96;-0.9
329;5297;4;4;3;5;5;5;5;5;5;5;0.1;0.52
330;5320;1;3;3;3;5;5;5;1;1;1;-3.08;1.31
331;5345;3;3;4;2;1;4;3;2;3;5;0.42;0.13
332;5349;3;4;3;3;4;0;4;3;3;4;0.62;-0.61
333;5351;3;5;3;5;4;4;5;5;5;5;0.55;0.23
334;5362;4;4;4;4;4;3;3;4;3;4;-0.17;-0.67
335;5363;0;1;2;3;4;4;4;3;3;4;-0.79;2.32
336;5369;1;1;1;1;1;1;1;1;1;1;-0.18;0.57
337;5370;2;3;4;4;4;5;4;3;3;4;-1.28;0.82
338;5382;3;3;2;4;4;4;4;4;3;3;-0.43;0.71
339;5388;0;3;1;2;5;5;4;3;4;5;-0.38;2.28
340;5398;2;1;2;2;2;3;4;3;3;2;0.24;1.5
341;5400;5;5;5;5;5;5;5;5;5;5;-0.06;-0.43
342;5404;2;1;3;2;2;3;4;2;1;3;-0.63;1.19
343;5405;2;3;2;2;2;2;4;3;3;2;0.56;0.62
344;5408;2;2;3;2;1;3;4;3;3;4;0.81;1.03
345;5413;4;4;3;4;4;5;4;4;4;4;-0.18;0.2
346;5445;0;3;0;0;4;4;3;0;-1;0;-2.58;1.56
347;0;3;4;4;3;4;4;4;4;4;3;-0.19;0.23
348;5366;4;4;4;4;4;3;4;3;3;3;-0.63;-0.58
349;5455;-1;-1;-1;-1;-1;-1;-1;-1;-1;-1;-0.24;1.07
350;5467;1;1;1;1;3;3;2;2;1;1;-0.98;1.45
351;5236;2;2;2;2;2;2;2;2;2;2;-0.15;0.32
352;5474;5;5;5;5;5;5;4;4;5;5;-0.4;-0.79
353;5475;4;4;4;4;4;3;3;3;3;3;-0.67;-0.82
354;5476;2;3;4;5;4;5;3;1;1;2;-3.17;0.08
355;5478;1;5;2;3;5;1;3;4;4;4;0.51;-0.01
356;5482;2;3;2;4;5;5;5;2;1;2;-2.51;1.18
357;5491;0;1;3;3;3;4;4;2;2;3;-1.45;1.94
358;5500;4;4;3;5;5;3;4;4;4;3;-0.42;-0.37
359;5498;-1;5;5;5;5;5;0;-1;-1;3;-5.16;-0.79
360;5501;3;4;3;2;3;2;3;4;4;4;1.22;-0.16
361;5090;4;5;3;3;4;5;4;1;1;2;-2.1;-0.5
362;5513;5;5;2;3;5;3;4;5;5;5;1.43;-0.35
363;5515;2;3;3;1;1;4;2;3;1;1;-0.45;0.43
364;5516;3;4;2;2;4;3;5;4;4;3;0.7;0.71
365;5529;-1;0;1;4;5;5;5;-1;-1;0;-4.78;2.75
366;5545;2;1;1;1;1;1;1;2;1;2;0.47;0.42
367;5553;3;4;2;2;4;4;3;3;3;4;-0.04;0.33
368;5563;5;5;5;5;5;5;5;5;5;5;-0.06;-0.43
369;5580;5;5;5;5;5;-1;2;2;5;5;0.48;-2.83
370;5598;5;3;5;4;5;2;5;2;5;5;0.01;-0.65
371;5600;3;4;3;5;5;4;5;2;0;3;-2.59;0.03
372;5603;3;3;3;2;5;4;3;2;2;2;-1.55;0.33
373;0;2;4;4;2;5;5;5;1;0;2;-2.92;0.66
374;5609;1;4;4;2;5;5;5;1;0;2;-3.07;0.96
375;5620;2;2;2;2;2;2;2;2;2;2;-0.15;0.32
376;5621;2;3;1;3;5;5;5;5;4;5;0.31;2.02
377;5629;2;3;1;2;5;4;4;2;2;3;-1.12;1.22
378;5634;0;3;0;2;4;4;4;2;5;3;-0.04;2.03
379;5645;0;4;5;4;5;4;5;4;4;5;-0.93;1.17
380;5654;2;4;4;4;4;4;4;2;2;2;-1.99;0.06
381;5680;2;2;3;4;4;3;4;3;1;4;-1.22;0.81
382;5690;5;5;5;5;5;5;5;-1;-1;3;-4.06;-1.39
383;5692;4;4;4;4;4;4;4;4;4;4;-0.09;-0.18
384;5697;-1;5;3;4;5;4;5;3;3;4;-1.51;1.28
385;5698;2;2;3;2;2;3;5;5;5;5;1.94;1.64
386;5713;5;5;4;3;3;3;4;4;4;4;0.91;-0.93
387;5714;2;2;2;2;2;2;2;2;2;2;-0.15;0.32
388;5717;5;5;2;5;5;5;5;5;5;5;0.45;0.05
389;5725;3;4;5;4;5;5;5;3;4;4;-1.24;0.34
390;5732;0;0;0;0;5;5;0;-1;-1;0;-3.66;1.97
391;5742;2;2;2;2;2;2;2;2;2;2;-0.15;0.32
392;5744;2;5;3;2;5;4;3;2;4;5;-0.44;0.12
393;5748;0;2;3;5;2;5;5;3;-1;1;-2.83;1.72
394;5759;3;2;3;4;4;4;5;4;5;5;0.41;1.24
395;5761;2;2;3;4;3;2;3;1;2;4;-0.99;0.1
396;5766;3;1;2;3;3;1;2;3;1;2;-0.33;0.12
397;5767;3;4;3;5;5;5;4;5;5;5;-0.09;0.58
398;5769;5;2;2;2;5;1;1;1;1;1;-1.21;-1.1
399;5770;4;4;4;4;4;3;3;3;3;3;-0.67;-0.82
400;5773;4;5;5;5;5;5;5;5;5;5;-0.21;-0.13
401;5774;0;5;5;5;5;5;5;5;5;5;-0.81;1.07
402;5780;2;2;4;4;4;5;5;3;5;3;-0.87;1.42
403;5783;4;4;4;4;4;4;4;4;4;4;-0.09;-0.18
404;5792;4;5;4;4;5;1;1;1;-1;4;-2.11;-2.36
405;5793;1;4;4;5;5;4;3;2;1;2;-3.04;-0.01
406;5800;3;3;3;3;3;3;3;2;3;2;-0.62;-0.08
407;5803;5;5;5;5;5;5;5;5;5;5;-0.06;-0.43
408;5802;5;5;5;5;5;0;0;0;0;0;-2.96;-3.63
409;5804;2;5;3;3;4;5;5;4;5;5;0.34;0.91
410;5827;3;4;4;4;4;4;4;4;5;5;0.26;0.18
411;5829;-1;-1;2;1;4;4;4;2;2;0;-1.9;3.29
412;5838;2;5;4;2;3;5;5;4;5;5;0.73;0.85
413;5842;1;1;1;1;1;1;1;1;1;1;-0.18;0.57
414;5849;3;5;4;3;5;3;4;1;3;4;-1.21;-0.64
415;5852;0;2;5;2;1;5;5;-1;-1;3;-2.91;1.36
416;5853;1;1;1;-1;0;0;4;5;5;5;4.21;2.03
417;5854;2;3;2;0;1;3;2;1;3;0;0.03;0.3
418;5857;5;5;4;5;5;4;4;1;2;2;-2.37;-1.39
419;5859;1;3;2;4;4;5;4;4;3;3;-0.99;1.53
420;5865;3;3;3;3;3;3;3;3;3;3;-0.12;0.07
421;5839;1;4;1;3;4;4;4;1;1;4;-1.58;0.89
422;5868;2;4;3;2;2;3;3;3;3;3;0.32;0.14
423;5881;2;0;2;2;2;0;3;2;1;3;0.25;0.78
424;5883;0;4;5;5;5;5;1;4;5;4;-1.5;0.29
425;5887;1;5;3;4;2;2;2;2;3;3;-0.38;-0.75
426;5885;2;5;4;5;5;-1;3;-1;2;5;-1.56;-1.98
427;5893;2;4;2;4;5;1;3;3;3;3;-0.42;-0.3
428;5900;0;0;0;0;5;4;5;5;5;4;1.2;3.97
429;5903;1;2;5;4;3;2;3;1;1;2;-2.18;-0.01
430;5904;2;5;5;4;5;5;5;4;5;5;-0.56;0.49
431;5919;4;3;2;3;4;4;4;4;4;4;0.47;0.61
432;5951;2;5;2;5;5;4;3;3;2;4;-1.52;-0.11
433;5957;1;4;3;4;3;4;4;0;2;2;-2.26;0.24
434;5967;5;5;2;2;4;4;4;2;4;2;-0.07;-0.51
435;5985;1;4;4;3;4;4;4;5;5;5;0.51;1.04
436;5988;3;3;3;3;3;3;3;3;3;3;-0.12;0.07
437;6014;2;3;4;3;3;4;4;3;3;4;-0.46;0.7
438;6025;1;4;2;3;4;4;4;4;1;1;-1.45;1.0
439;6026;0;1;2;1;2;1;0;1;2;3;-0.15;0.6
440;6038;-1;3;3;4;5;5;5;5;5;5;-0.43;2.49
441;6058;1;1;2;1;2;2;1;3;2;4;0.58;1.03
442;6081;2;2;2;2;2;2;2;2;2;2;-0.15;0.32
443;5995;0;2;1;5;5;5;5;5;5;0;-1.22;2.55
444;6104;5;5;5;5;5;5;5;5;5;5;-0.06;-0.43
445;6107;3;4;4;4;4;4;4;2;3;2;-1.54;-0.21
446;6121;3;3;3;3;4;4;4;2;2;3;-1.25;0.42
447;6039;4;5;4;4;5;5;5;5;5;4;0.01;0.14
448;6142;3;3;3;3;3;3;3;3;3;3;-0.12;0.07
449;6163;-1;2;2;1;1;2;2;3;2;1;0.06;1.41
450;6164;2;3;3;3;3;4;1;2;2;2;-1.41;-0.07
451;6173;0;5;3;3;5;5;5;0;-1;3;-3.67;0.83
452;6175;4;4;4;4;4;4;3;2;0;3;-2.13;-0.81
453;6195;1;4;-1;0;1;3;5;2;1;2;0.64;1.59
454;6210;3;3;3;3;3;3;3;0;2;3;-1.32;-0.32
455;6232;3;4;2;4;5;4;3;2;3;4;-1.15;-0.03
456;6233;4;5;3;3;4;4;3;2;3;4;-0.58;-0.72
457;6234;4;5;3;4;4;4;3;4;3;4;-0.23;-0.62
458;6269;3;3;3;4;3;4;4;4;2;3;-0.59;0.48
459;6274;3;3;3;3;3;3;3;3;3;3;-0.12;0.07
460;6279;3;4;4;4;4;5;5;5;5;5;0.34;0.76
461;6280;0;1;0;1;2;2;3;3;5;3;1.55;2.19
462;6282;3;3;4;2;4;4;4;4;4;3;0.03;0.7
463;6294;1;2;-1;3;3;3;4;4;2;5;0.67;2.03
464;6297;2;1;2;3;3;3;3;1;1;3;-1.36;0.89
465;6306;2;3;5;5;4;1;4;4;5;4;0.24;-0.18
466;6307;2;5;3;4;3;2;4;3;4;5;0.54;-0.32
467;6311;2;2;2;2;2;2;2;2;2;2;-0.15;0.32
468;6314;3;3;3;3;3;3;3;3;3;3;-0.12;0.07
469;6313;3;5;3;5;5;5;5;5;5;5;-0.02;0.49
470;6323;4;5;1;5;5;3;4;4;4;3;-0.05;-0.38
471;6326;2;5;2;2;5;5;5;5;5;5;0.75;1.37
472;6330;4;4;3;5;5;5;5;5;5;5;0.1;0.52
473;6365;1;1;1;1;1;2;2;1;3;3;0.6;1.15
474;6371;5;4;3;4;4;1;4;3;2;4;0.11;-1.16
475;6381;1;5;5;4;5;5;5;4;3;4;-1.51;0.7
476;6382;3;3;3;3;3;3;3;3;3;3;-0.12;0.07
477;6385;3;4;1;5;5;5;5;4;0;3;-1.91;0.81
478;6403;3;2;2;4;4;4;5;4;5;5;0.58;1.4
479;6420;5;5;5;4;3;5;5;4;5;4;0.31;-0.52
480;6422;2;1;2;2;3;3;3;0;1;2;-1.61;0.88
481;6429;5;5;5;5;5;5;5;5;5;5;-0.06;-0.43
482;6441;2;3;3;4;4;5;5;3;2;3;-1.57;1.16
483;6442;3;3;3;3;3;3;2;2;4;1;-0.56;-0.32
484;6456;3;3;1;1;5;5;5;5;5;5;1.26;2.03
485;6459;3;5;1;4;4;5;3;-1;1;1;-3.0;-0.53
486;6461;3;4;3;4;5;4;3;2;2;3;-1.82;-0.25
487;6463;3;4;4;4;3;3;2;2;3;4;-0.65;-0.89
488;6472;4;4;3;5;4;3;4;2;2;3;-1.31;-0.71
489;6478;0;0;0;2;3;5;5;0;0;2;-2.34;3.02
490;6480;0;2;3;4;4;4;5;2;1;1;-2.64;1.66
491;6487;2;3;1;4;5;4;3;1;2;3;-1.96;0.58
492;6489;3;5;5;5;5;4;5;5;2;5;-1.0;-0.14
493;6502;5;5;5;5;5;5;5;4;5;5;-0.36;-0.55
494;6514;1;1;1;1;1;1;1;1;1;1;-0.18;0.57
495;6519;4;4;4;4;4;2;4;2;3;3;-0.67;-0.92
496;6520;5;5;5;5;5;5;5;5;5;5;-0.06;-0.43
497;6532;2;2;3;4;5;4;3;4;1;2;-1.93;0.89
498;6537;3;5;5;5;5;5;5;3;2;5;-1.86;-0.16
499;6545;4;4;3;3;4;3;4;3;4;3;0.09;-0.25
500;6550;2;2;2;2;2;2;2;2;2;2;-0.15;0.32
501;6567;3;4;3;3;5;5;5;5;5;5;0.45;1.1
502;6568;1;1;1;1;2;3;3;3;3;3;0.67;1.89
503;6570;1;3;3;4;3;3;5;5;4;4;0.51;1.31
504;6569;2;2;4;3;3;4;3;3;2;2;-1.23;0.7
505;6576;2;3;3;2;3;3;3;3;3;3;-0.02;0.51
506;6577;3;3;3;3;3;3;3;3;3;3;-0.12;0.07
507;6579;2;2;2;2;2;2;2;2;2;2;-0.15;0.32
508;6584;2;3;4;3;5;5;5;5;3;4;-0.7;1.48
509;6585;0;2;3;2;5;5;5;0;4;3;-2.01;2.11
510;6591;3;3;5;2;3;5;4;-1;-1;1;-3.49;-0.09
511;6597;1;2;2;4;5;1;2;1;2;3;-1.57;0.15
512;6599;1;3;4;3;4;4;2;2;2;3;-1.8;0.38
513;6606;1;3;3;2;3;2;3;2;2;2;-0.71;0.41
514;6623;4;5;2;3;3;4;4;2;3;3;-0.26;-0.39
515;6625;2;4;3;3;5;5;4;0;1;2;-3.04;0.35
516;6636;5;5;2;5;5;5;5;5;5;5;0.45;0.05
517;6637;3;4;3;4;3;3;3;2;3;3;-0.64;-0.52
518;6641;2;3;3;4;5;3;4;3;4;3;-0.8;0.58
519;6647;1;2;2;3;4;4;4;4;4;4;-0.01;1.84
520;6646;4;5;2;2;5;5;4;5;5;5;1.01;0.53
521;6654;3;3;3;3;3;3;3;3;3;3;-0.12;0.07
522;6680;5;5;5;5;5;5;5;5;5;5;-0.06;-0.43
523;6689;3;3;4;2;5;4;2;-1;1;5;-2.36;-0.37
524;6701;-1;4;5;5;5;4;5;1;0;0;-4.43;0.7
525;6705;4;5;4;4;4;4;4;1;4;4;-0.96;-0.87
526;6727;3;3;3;3;4;4;4;2;2;1;-1.65;0.36
527;6749;3;3;3;3;3;3;3;3;3;3;-0.12;0.07
528;6758;2;3;4;3;4;3;4;3;3;3;-0.71;0.49
529;6762;2;4;2;5;5;5;4;1;1;2;-3.07;0.35
530;6778;2;2;2;3;1;1;1;1;2;2;-0.17;-0.44
531;6781;3;5;1;1;4;1;4;5;3;5;2.03;0.15
532;6785;2;2;2;2;2;2;2;2;2;2;-0.15;0.32
533;6788;0;0;0;0;0;0;0;0;0;0;-0.21;0.82
534;6789;2;2;2;3;3;5;5;4;4;5;0.43;1.99
535;6804;3;4;3;3;3;3;2;3;1;3;-0.73;-0.56
536;6820;1;3;4;4;5;5;4;3;4;5;-1.24;1.22
537;6832;4;3;2;3;5;5;-1;0;2;5;-1.9;-0.84
538;6828;2;2;2;2;2;2;2;2;2;2;-0.15;0.32
539;6839;4;5;2;3;5;5;5;4;5;4;0.3;0.48
540;6842;3;5;1;3;5;5;5;4;5;4;0.32;0.94
541;6845;5;5;5;5;5;-1;-1;-1;-1;-1;-3.54;-4.27
542;6847;2;3;1;3;4;4;5;3;3;5;-0.02;1.49
543;6857;3;4;2;3;4;3;4;2;3;4;-0.29;0.09
544;6879;-1;5;2;2;5;5;5;5;3;5;-0.3;2.21
545;6882;3;5;4;5;5;4;5;2;4;2;-1.73;-0.37
546;6884;4;4;2;4;4;4;4;4;4;4;0.25;0.14
547;6889;3;4;5;5;5;5;5;5;3;4;-1.19;0.41
548;6890;4;4;4;4;4;4;4;4;4;4;-0.09;-0.18
549;6894;4;5;4;3;4;5;5;3;4;5;-0.13;-1.38778e-16
550;6888;2;5;3;2;5;3;5;2;4;3;-0.5;0.32
551;6908;0;2;2;1;3;3;2;2;1;2;-1.07;1.29
552;6932;1;1;3;3;4;4;5;0;0;2;-2.97;1.59
553;6960;3;5;3;5;5;4;5;4;5;4;-0.26;0.12
554;6962;3;4;2;3;5;5;5;3;2;4;-1.08;0.9
555;6969;3;2;3;4;3;2;3;4;3;3;0.16;0.16
556;6975;1;2;1;2;2;2;2;2;2;4;0.27;0.84
557;6986;3;5;5;5;5;5;5;3;3;4;-1.76;-0.16
558;6987;2;4;3;3;5;5;5;5;3;1;-1.1;1.22
559;6990;2;5;2;4;3;5;3;1;0;1;-2.71;-0.22
560;6996;4;5;2;4;4;4;5;4;4;5;0.52;0.08
561;6997;4;4;5;3;3;5;4;2;3;5;-0.66;-0.26
562;7005;1;2;3;3;5;4;4;0;0;1;-3.49;1.03
563;7008;1;1;1;1;1;-1;1;0;1;1;0.04;0.01
564;7009;2;4;0;4;5;5;5;5;5;5;0.56;1.74
565;7011;5;5;5;5;5;4;4;4;4;4;-0.64;-1.07
566;7024;1;5;3;5;5;4;4;2;3;4;-1.8;0.18
567;7035;3;5;4;4;5;4;5;5;5;4;0.12;0.22
568;7039;5;5;1;4;5;5;5;4;5;5;0.57;0.23
569;7055;3;4;4;3;5;3;4;3;4;4;-0.34;-0.04
570;7064;4;5;4;4;5;3;5;3;3;5;-0.47;-0.57
571;7073;2;3;3;3;3;3;3;2;2;3;-0.87;0.22
572;7082;0;3;2;4;5;5;5;-1;0;0;-4.41;1.33
573;7085;2;2;2;2;2;2;2;2;2;2;-0.15;0.32
574;7088;4;4;3;2;5;5;5;2;2;2;-1.55;0.4
575;7114;1;1;1;3;5;4;5;3;3;2;-1.14;2.4
576;7115;-1;4;2;-1;5;5;5;3;3;1;-0.98;2.6
577;7092;1;1;1;1;2;2;4;3;2;3;0.67;1.88
578;7130;4;3;4;2;3;3;4;1;4;4;0.05;-0.19
579;7129;-1;5;2;5;5;4;5;1;1;4;-2.79;1.0
580;7135;0;3;3;3;5;5;4;0;-1;2;-3.97;1.22
581;7137;2;3;4;3;4;5;5;3;3;5;-0.79;1.23
582;7146;2;2;2;2;2;2;2;2;2;2;-0.15;0.32
583;7149;4;4;4;5;5;3;3;4;3;4;-0.73;-0.77
584;7152;3;4;3;4;3;4;5;4;5;4;0.58;0.51
585;7168;1;2;4;4;5;2;3;0;0;1;-3.43;0.05
586;7169;1;1;1;1;1;1;1;1;1;1;-0.18;0.57
587;7170;3;5;5;3;5;4;5;5;5;5;0.4;0.23
588;7177;3;3;3;4;3;3;3;3;3;3;-0.37;-0.07
589;7181;1;1;3;3;3;5;4;3;3;2;-1.16;1.98
590;7182;2;3;3;4;4;3;4;3;1;2;-1.59;0.42
591;7194;1;1;1;1;2;2;1;2;1;1;-0.45;0.95
592;7203;1;3;2;5;3;3;4;4;1;1;-1.41;0.79
593;7217;3;4;4;4;4;4;3;0;3;3;-1.98;-0.66
594;7229;2;2;2;2;2;2;2;2;2;2;-0.15;0.32
595;7239;2;2;2;2;2;2;2;2;2;2;-0.15;0.32
596;7249;1;3;0;5;4;2;5;2;2;1;-1.38;0.96
597;7253;2;2;4;2;3;1;4;1;2;4;-0.36;0.24
598;7255;1;2;1;2;4;3;3;2;2;2;-0.97;1.32
599;7257;2;3;1;1;1;2;3;3;3;3;1.45;0.67
600;7258;2;2;1;1;2;2;3;3;3;2;0.91;1.01
601;7265;0;2;1;2;4;4;5;2;1;1;-1.8;2.26
602;7286;4;4;3;1;3;3;4;3;2;2;0.1;-0.1
603;7296;2;2;2;2;2;2;2;2;2;2;-0.15;0.32
604;7299;2;4;3;3;1;3;3;4;5;3;1.28;0.14
605;7300;3;4;4;4;4;3;5;1;1;2;-2.14;-0.37
606;7301;4;3;4;3;3;4;4;4;4;4;0.44;0.25
607;7305;5;5;3;2;4;5;5;2;5;5;0.44;-0.09
608;7310;2;4;3;4;5;4;5;1;0;2;-2.99;0.32
609;7313;2;4;4;2;2;4;4;1;1;2;-1.47;0.11
610;7314;3;4;2;3;2;1;3;2;2;4;0.51;-0.7
611;7316;4;4;3;3;3;3;3;2;2;4;-0.34;-0.68
612;7319;3;3;3;3;3;4;4;2;3;4;-0.44;0.44
613;7323;2;3;4;4;2;3;3;2;3;4;-0.48;-0.06
614;7333;-1;-1;-1;-1;-1;-1;-1;-1;-1;-1;-0.24;1.07
615;7344;3;5;1;3;5;2;3;-1;0;2;-2.38;-1.01
616;7354;3;3;3;4;3;1;4;3;3;2;-0.01;-0.3
617;7369;1;3;1;2;4;4;5;3;0;1;-1.62;1.72
618;7401;3;4;3;4;4;4;5;5;5;5;0.77;0.7
619;7408;1;2;3;4;5;1;2;0;4;5;-1.04;-0.01
620;7413;4;5;5;3;3;2;2;1;1;2;-1.43;-2.0
621;7415;1;2;3;4;5;-1;0;1;2;5;-0.9;-0.87
622;7431;3;3;5;5;4;4;5;1;2;1;-2.75;-0.12
623;7438;4;5;4;4;4;4;4;4;4;4;-0.06;-0.51
624;7441;4;5;4;4;2;2;3;1;3;2;-0.56;-1.72
625;7450;3;3;-1;0;5;-1;4;-1;2;2;0.07;0.03
626;7455;2;2;2;2;2;2;2;2;2;2;-0.15;0.32
627;7468;2;2;1;0;5;5;5;2;2;5;-0.47;2.35
628;7462;4;5;4;5;5;4;4;4;4;4;-0.62;-0.61
629;7481;5;5;5;5;5;5;5;5;5;5;-0.06;-0.43
630;7498;5;4;5;5;5;5;5;2;0;2;-3.09;-0.7
631;7519;5;5;5;5;4;5;5;5;5;5;0.25;-0.47
632;7529;1;4;2;5;4;2;4;0;1;3;-2.23;-0.14
633;7532;2;2;2;1;4;5;5;4;3;2;-0.28;2.19
634;7536;3;4;4;4;4;3;4;3;4;3;-0.48;-0.25
635;7541;5;5;3;4;5;5;5;5;5;5;0.53;0.03
636;7544;3;4;5;1;4;2;1;2;3;4;-0.16;-1.05
637;7552;2;4;4;4;5;4;5;5;5;4;-0.06;0.85
638;7560;2;2;4;2;5;2;4;4;0;4;-0.94;0.84
639;7568;2;5;2;4;4;3;5;2;2;4;-0.92;0.13
640;7574;5;5;5;5;5;5;5;5;5;5;-0.06;-0.43
641;7598;5;5;5;5;5;5;5;2;5;5;-0.96;-0.79
642;7607;3;5;4;5;5;4;4;5;3;5;-0.57;-0.19
643;7621;2;4;4;3;5;5;5;5;5;5;0.13;1.24
644;7652;1;3;4;4;4;3;5;3;3;5;-0.67;0.95
645;7658;1;3;4;5;4;4;4;2;1;3;-2.52;0.55
646;7661;4;4;3;3;5;2;4;4;3;5;0.44;-0.28
647;7674;0;4;5;3;4;2;4;5;5;4;0.51;0.71
648;7691;4;4;1;0;5;4;3;1;3;4;-0.13;0.27
649;7713;3;3;2;3;5;4;4;5;3;4;0.01;1.04
650;7717;3;3;3;3;4;3;4;3;4;3;-0.09;0.38
651;7722;0;5;3;3;5;5;5;4;1;1;-2.27;1.31
652;7726;4;4;3;3;3;3;2;1;3;2;-0.78;-1.07
653;7745;0;0;2;2;5;5;5;2;2;2;-2.1;3.08
654;7736;5;5;3;3;4;4;5;2;3;4;-0.35;-0.54
655;7749;3;4;3;-1;2;2;1;-1;-1;3;-1.0;-1.04
656;7757;3;5;5;5;5;3;3;4;5;4;-0.42;-0.9
657;7760;3;4;1;3;4;3;4;4;4;4;0.78;0.52
658;7774;3;3;3;2;4;2;2;3;1;5;-0.16;-0.21
659;7776;2;3;0;1;3;2;3;2;0;1;-0.6;0.64
660;7792;-1;-1;-1;-1;-1;-1;-1;-1;-1;-1;-0.24;1.07
661;7790;1;2;3;2;3;2;2;1;2;1;-1.28;0.35
662;7797;0;0;0;0;0;0;0;0;0;0;-0.21;0.82
663;7802;2;3;3;3;2;3;1;1;2;3;-0.94;-0.42
664;7817;5;5;4;4;5;5;5;3;3;5;-0.84;-0.43
665;7827;-1;3;5;4;5;4;4;3;4;2;-2.05;1.35
666;7838;5;5;5;5;5;5;5;5;5;5;-0.06;-0.43
667;7846;2;3;3;2;3;3;3;3;2;3;-0.32;0.48
668;7849;2;2;2;2;2;2;2;2;2;2;-0.15;0.32
669;7840;4;5;3;4;5;5;5;5;5;5;0.38;0.33
670;7850;3;3;3;3;3;3;3;3;3;3;-0.12;0.07
671;7854;5;5;5;5;5;5;5;5;5;5;-0.06;-0.43
672;7869;2;4;3;4;5;4;3;4;4;5;-0.37;0.41
673;7878;1;1;3;4;4;4;4;1;2;1;-2.56;1.36
674;7881;1;2;2;2;1;3;4;4;4;5;1.63;1.67
675;7887;-1;-1;-1;5;5;4;4;5;5;5;0.1;3.85
676;7893;2;4;3;4;4;2;4;4;4;4;0.3;0.14
677;7903;3;4;1;3;5;3;4;2;1;3;-1.23;0.2
678;7914;2;5;5;4;5;5;4;2;3;4;-2.0;-0.08
679;7921;3;2;2;2;3;2;5;4;5;2;1.31;1.11
680;7923;-1;-1;-1;5;5;5;5;5;5;5;-0.12;4.31
681;7927;4;4;1;2;3;5;3;3;3;2;-0.07;0.31
682;7928;0;0;0;0;0;0;0;0;0;0;-0.21;0.82
683;7938;-1;-1;2;5;5;5;5;5;5;5;-0.63;3.83
684;7952;4;4;4;4;4;4;4;4;4;4;-0.09;-0.18
685;7956;4;5;4;4;5;4;4;3;4;5;-0.47;-0.56
686;7957;1;1;3;0;2;4;4;4;4;3;0.96;2.32
687;7963;4;5;2;3;3;4;5;3;3;3;0.08;-0.03
688;7962;3;5;4;5;5;4;4;5;3;4;-0.77;-0.22
689;7940;1;5;5;5;5;4;4;0;1;2;-3.74;-0.5
690;7970;-1;3;1;4;5;4;5;0;1;2;-3.13;1.78
691;7975;3;2;1;2;5;3;2;1;2;2;-1.32;0.4
692;7989;2;2;2;3;5;2;2;2;2;2;-1.33;0.3
693;7992;-1;0;1;-1;5;2;2;3;4;3;0.43;2.79
694;7994;0;4;4;4;3;3;4;4;4;4;-0.12;0.76
695;8000;2;5;2;4;5;5;5;5;5;5;0.25;1.09
696;8001;5;5;5;5;5;5;5;5;5;5;-0.06;-0.43
697;8003;0;1;1;1;2;0;2;0;0;2;-0.74;0.81
698;8011;5;5;5;3;5;1;5;5;5;5;1.48;-1.03
699;8025;3;5;5;5;5;5;5;5;5;5;-0.36;0.17
700;8040;5;5;5;5;5;5;5;5;5;5;-0.06;-0.43
701;8045;1;0;3;3;4;2;3;2;2;3;-1.16;1.33
702;8046;3;4;3;3;4;4;2;2;2;2;-1.5;-0.42
703;8047;2;2;2;2;2;2;2;2;2;2;-0.15;0.32
704;8048;2;3;4;3;4;2;3;2;1;2;-1.59;-0.18
705;8049;2;2;0;1;4;4;5;4;4;4;1.02;2.38
706;8053;-1;0;1;2;3;4;5;4;3;2;-0.3;3.51
707;8067;5;5;4;5;5;5;5;5;5;2;-0.49;-0.36
708;8071;1;4;1;3;2;2;2;0;0;1;-1.72;-0.35
709;8077;0;0;0;0;1;0;0;0;0;0;-0.52;0.86
710;8078;0;0;0;0;0;0;0;0;0;0;-0.21;0.82
711;8087;4;4;4;4;4;4;4;4;4;4;-0.09;-0.18
712;8095;3;3;0;4;4;3;4;1;0;4;-1.43;0.39
713;8108;4;4;4;4;4;4;5;3;4;5;-0.15;-0.03
714;8117;1;1;3;3;5;3;5;5;5;5;0.58;2.25
715;8068;2;2;3;2;5;2;3;3;3;3;-0.41;0.7
716;8125;1;5;4;3;3;4;5;0;2;5;-1.51;0.22
717;8127;4;5;3;5;5;5;5;5;5;5;0.13;0.19
718;8023;5;5;1;1;5;5;5;5;5;5;1.62;0.77
719;8139;1;4;3;4;4;4;5;4;5;5;0.17;1.18
720;8150;-1;-1;-1;-1;-1;-1;-1;-1;-1;-1;-0.24;1.07
721;8155;2;4;5;5;5;5;5;5;5;5;-0.54;0.8
722;8161;3;4;3;3;4;3;3;3;3;5;0.0;-0.16
723;8180;0;2;1;2;4;0;5;5;5;5;2.14;1.98
724;8194;1;5;2;2;5;3;2;-1;3;5;-1.4;-0.27
725;8208;3;5;2;5;5;5;5;5;5;5;0.15;0.65
726;8214;2;2;2;2;2;2;2;2;2;2;-0.15;0.32
727;8219;3;4;4;4;4;3;4;4;4;4;0.02;-0.1
728;8221;4;3;5;5;5;0;4;-1;-1;2;-3.21;-1.8
729;8224;3;3;3;3;5;5;5;3;5;5;-0.18;1.19
730;8230;2;3;-1;3;4;3;3;2;2;3;-0.5;0.9
731;8231;2;2;2;2;2;2;2;2;2;2;-0.15;0.32
732;8255;4;1;0;0;3;4;3;3;3;5;1.37;1.61
733;8268;5;5;5;5;5;5;5;5;5;5;-0.06;-0.43
734;8293;3;5;5;4;5;5;5;3;1;3;-2.31;-0.11
735;8307;5;5;3;5;5;5;5;5;4;5;-0.02;-0.14
736;8311;5;5;5;5;5;5;5;5;5;5;-0.06;-0.43
737;8325;2;3;1;2;2;2;2;2;2;2;0.05;0.15
738;8338;5;5;5;5;5;5;5;5;5;5;-0.06;-0.43
739;8360;3;5;2;1;3;0;2;2;2;2;0.55;-1.23
740;8366;1;2;-1;0;5;5;4;2;1;5;-0.62;2.7
741;8392;0;5;-1;5;4;5;5;2;2;4;-1.48;1.51
742;8394;1;1;1;1;3;4;4;3;3;3;0.14;2.39
743;8417;-1;-1;-1;-1;-1;-1;-1;-1;-1;-1;-0.24;1.07
744;8421;1;1;1;1;1;1;1;1;1;1;-0.18;0.57
745;8422;2;4;3;1;5;4;4;2;3;4;-0.68;0.77
746;8433;2;3;3;3;2;3;2;2;3;3;-0.3;-0.03
747;8458;3;4;3;3;4;5;5;4;5;4;0.26;0.91
748;8466;3;3;3;3;3;3;3;3;3;3;-0.12;0.07
749;8479;1;2;2;5;5;5;5;3;2;2;-2.34;1.82
750;8485;2;4;4;4;5;5;4;1;2;3;-2.66;0.23
751;8501;2;3;1;2;3;2;3;3;2;4;0.48;0.61
752;8503;0;0;0;0;0;0;0;0;0;0;-0.21;0.82
753;8507;5;5;5;5;5;5;5;5;5;5;-0.06;-0.43
754;8533;2;3;1;3;4;4;3;1;0;2;-2.2;0.59
755;8537;2;4;2;4;4;4;4;1;1;3;-2.05;0.26
756;8544;2;5;2;5;5;5;2;-1;-1;5;-3.72;-0.67
757;8548;1;5;2;5;4;4;5;1;2;4;-1.88;0.39
758;8617;3;5;3;4;5;5;5;4;5;5;-0.07;0.51
759;8631;4;4;4;4;4;4;4;4;4;4;-0.09;-0.18
760;8633;-1;1;4;3;5;5;5;3;1;1;-3.01;2.65
761;8636;2;3;4;5;3;4;4;3;3;2;-1.36;0.36
762;8648;2;1;4;0;5;3;1;2;3;4;-0.55;0.8
763;8657;3;5;2;5;5;4;4;1;1;4;-2.23;-0.44
764;8667;2;4;1;5;5;5;5;4;5;4;-0.36;1.29
765;8669;1;4;4;3;4;1;3;5;5;3;0.85;0.08
766;8687;1;3;3;4;4;5;5;4;4;4;-0.62;1.67
767;8710;2;2;2;2;2;2;2;2;2;2;-0.15;0.32
768;8716;0;4;3;4;5;5;5;5;4;3;-0.95;1.77
769;8690;3;4;1;3;3;4;3;1;1;3;-1.21;-0.02
770;8738;3;5;5;5;5;4;5;4;3;3;-1.4;-0.29
771;8743;-1;-1;-1;-1;-1;-1;-1;-1;-1;-1;-0.24;1.07
772;8744;3;5;2;2;2;2;2;3;2;3;0.59;-0.82
773;8750;0;5;5;5;5;5;5;3;3;3;-2.41;0.71
774;8748;2;3;3;2;4;3;2;2;3;2;-0.87;0.16
775;8767;2;2;2;2;4;4;4;2;4;4;-0.21;1.44
776;8768;2;5;5;3;3;3;5;5;5;5;1.13;0.23
777;8788;3;5;4;5;5;5;3;3;1;5;-2.07;-0.51
778;8790;2;3;3;3;3;3;3;2;3;3;-0.57;0.25
779;8796;2;2;3;3;5;5;4;0;2;-1;-3.4;0.95
780;8799;5;5;3;3;3;3;5;5;5;5;1.92;-0.35
781;8811;4;4;3;4;5;4;4;4;4;4;-0.23;0.02
782;8770;0;2;4;4;5;4;5;0;1;1;-3.72;1.3
783;8835;3;4;4;4;4;4;4;0;0;4;-2.64;-0.48
784;8839;4;4;5;2;4;3;5;3;5;4;0.54;-0.13
785;8845;2;4;3;3;5;3;5;3;4;5;-0.08;0.69
786;8848;2;2;2;2;2;2;2;2;2;2;-0.15;0.32
787;8856;3;3;2;3;4;4;4;2;4;3;-0.48;0.64
788;8869;4;5;3;4;5;5;4;3;3;4;-1.06;-0.24
789;8874;3;3;3;3;5;5;5;3;2;3;-1.48;1.04
790;8900;2;2;3;4;4;3;3;2;3;4;-0.96;0.51
791;8914;4;5;5;4;4;5;5;5;5;5;0.35;-0.03
792;8920;3;5;3;3;4;3;3;4;4;5;0.63;-0.34
793;8910;2;4;2;4;5;5;4;2;1;3;-2.32;0.64
794;8945;3;4;3;3;3;3;3;3;3;3;-0.09;-0.26
795;8946;0;3;3;5;5;5;5;3;5;3;-1.53;1.75
796;8974;5;4;4;3;3;3;4;3;4;4;0.58;-0.72
797;8985;1;2;3;4;3;3;3;2;1;3;-1.6;0.68
798;9006;0;0;0;0;0;0;0;0;0;0;-0.21;0.82
799;9014;5;5;2;-1;5;3;5;2;4;5;1.27;0.06
800;9025;4;4;4;4;4;5;5;3;5;5;-0.11;0.22
801;9031;3;5;4;3;5;1;4;2;3;3;-0.59;-0.99
802;9037;2;2;2;2;2;2;2;2;2;2;-0.15;0.32
803;9057;2;3;4;3;4;2;4;2;2;2;-1.25;0.09
804;8942;-1;2;3;3;4;5;5;1;1;0;-3.3;2.17
805;9065;2;4;4;4;5;5;5;3;3;3;-1.72;0.74
806;9080;2;3;1;3;4;3;4;3;2;4;-0.3;0.97
807;9107;3;5;5;5;5;5;5;5;5;5;-0.36;0.17
808;9147;0;0;0;0;0;5;5;-1;-1;3;-1.31;3.06
809;9151;4;4;4;4;4;4;4;4;4;4;-0.09;-0.18
810;9154;3;4;4;2;4;3;5;3;3;3;-0.24;0.24
811;9224;1;4;3;3;2;2;4;2;1;2;-0.88;0.11
812;9261;-1;-1;-1;-1;-1;-1;-1;-1;-1;-1;-0.24;1.07
813;9270;0;1;1;1;1;0;0;0;0;5;0.09;0.38
814;9277;2;2;2;2;2;2;2;2;2;2;-0.15;0.32
815;9280;4;5;4;4;4;3;4;3;5;4;0.2;-0.82
816;9289;4;3;3;3;4;4;5;4;5;5;0.84;0.75
817;9349;2;4;2;3;3;4;4;4;3;3;0.01;0.78
818;9382;2;4;3;4;5;5;4;2;3;4;-1.69;0.57
819;9383;3;5;2;4;5;5;5;5;5;5;0.4;0.79
820;9385;4;5;3;4;5;5;5;5;5;5;0.38;0.33
821;9396;5;5;5;5;5;5;5;5;5;5;-0.06;-0.43
822;9398;4;4;4;4;4;4;4;4;4;4;-0.09;-0.18
823;9399;4;4;4;4;4;4;4;4;4;4;-0.09;-0.18
824;9400;4;4;4;4;4;4;4;4;4;4;-0.09;-0.18
825;9402;4;4;4;4;4;4;4;4;4;4;-0.09;-0.18
826;9403;4;4;4;4;4;4;4;4;4;4;-0.09;-0.18
827;9425;4;5;5;5;5;5;4;4;5;5;-0.55;-0.49
828;9431;1;1;1;1;1;1;1;1;1;1;-0.18;0.57
829;9432;1;4;1;2;5;0;0;0;1;1;-1.66;-0.98
830;9434;5;5;5;5;5;4;5;5;5;4;2.22045e-16;-0.68
831;9460;3;5;3;4;4;1;3;-1;0;2;-2.4;-1.73
832;9462;3;3;3;3;3;4;4;2;2;3;-0.94;0.38
833;9475;5;5;5;5;5;5;5;5;5;5;-0.06;-0.43
834;9479;-1;5;0;0;3;5;5;4;4;5;1.16;2.64
835;9525;2;4;3;4;4;4;4;4;4;4;-0.22;0.58
836;9529;1;2;3;4;4;4;4;3;2;4;-1.33;1.36
837;9537;4;5;5;2;5;5;4;5;5;5;0.5;0.05
838;9546;2;3;2;4;5;2;2;3;3;3;-0.75;0.01
839;9568;5;5;5;5;5;-1;-1;-1;-1;-1;-3.54;-4.27
840;9569;2;3;5;2;5;3;5;3;2;2;-1.4;0.69
841;9572;2;4;3;3;5;3;4;1;3;1;-1.82;0.06
842;9476;4;5;3;2;5;3;2;2;3;3;-0.62;-1.03
843;9584;5;5;5;5;5;5;5;5;5;5;-0.06;-0.43
844;9587;5;5;5;2;5;4;4;3;2;5;-0.59;-0.8
845;9613;0;0;0;0;0;0;0;0;0;0;-0.21;0.82
846;9661;2;2;2;2;2;2;2;2;2;2;-0.15;0.32
847;9664;-1;4;3;1;2;2;3;3;2;2;-0.12;0.9
848;9677;4;4;2;4;4;4;3;3;2;4;-0.69;-0.28
849;9679;3;2;4;4;5;4;4;2;5;4;-0.91;0.61
850;9681;-1;4;3;4;3;4;3;4;3;4;-0.7;1.17
851;9684;2;2;2;2;2;2;2;2;2;2;-0.15;0.32
852;9694;1;2;3;3;4;5;4;4;4;4;-0.44;1.9
853;9704;5;5;4;5;5;4;4;5;5;5;0.33;-0.73
854;9706;4;4;5;1;5;4;5;5;5;5;1.02;0.54
855;9711;3;5;4;5;4;2;2;-1;4;3;-1.72;-1.9
856;9712;4;5;3;4;3;2;3;-1;4;3;-0.8;-1.7
857;9715;2;2;2;2;2;2;2;2;2;2;-0.15;0.32
858;9725;2;2;2;2;2;2;2;2;2;2;-0.15;0.32
